Subplot_ID,Rep,Awning,Treatment,Genotype,Jul_21_IR,Jul_11_IR,Jul_16_IR
60101,1,1,wet,TB_0135,35.98625,34.2165625,NA
60102,1,1,wet,B100,35.237125,33.397625,NA
60103,1,1,wet,TB_0254,36.5531875,33.8581875,NA
60104,1,1,wet,TB_0500,36.7085,34.851375,NA
60105,1,1,wet,TB_0353,36.389125,36.2651875,NA
60106,1,1,wet,TB_0319,37.7205,39.270375,NA
60107,1,1,wet,TB_0513,35.4238125,35.1545,NA
60108,1,1,wet,TB_0128,36.2773125,34.6341875,NA
60109,1,1,wet,B100,35.22275,34.283875,NA
60110,1,1,wet,TB_0165,34.94575,33.5429375,NA
60111,1,1,wet,TB_0544,35.3513125,34.093625,NA
60112,1,1,wet,TB_0161,35.23425,33.8150625,NA
60119,1,1,wet,TB_0336,35.445875,37.37075,NA
60120,1,1,wet,B100,35.7679375,35.3265625,NA
60121,1,1,wet,TB_0095,36.633375,34.9674375,NA
60122,1,1,wet,TB_0436,35.3395,35.155875,NA
60123,1,1,wet,TB_0508,34.6173125,35.6016875,NA
60124,1,1,wet,TB_0104,34.9461875,34.932375,NA
60125,1,1,wet,TB_0582,36.474875,34.2010625,NA
60126,1,1,wet,TB_0154,36.7346875,35.8638125,NA
60127,1,1,wet,TB_0096,36.320875,34.376875,NA
60128,1,1,wet,TB_0211,35.9078125,37.2355,NA
60129,1,1,wet,TB_0039,35.3353125,34.86425,NA
60130,1,1,wet,TB_0029,35.1061875,36.5430625,NA
60132,1,1,wet,TB_0023,35.3485,33.9685,NA
60133,1,1,wet,TB_0418,35.247625,33.565375,NA
60134,1,1,wet,B100,35.11025,33.274125,NA
60135,1,1,wet,TB_0509,35.3865,33.4663125,NA
60136,1,1,wet,TB_0594,35.21325,35.15875,NA
60137,1,1,wet,TB_0125,35.8760625,33.443125,NA
60138,1,1,wet,TB_0611,34.8409375,33.261,NA
60139,1,1,wet,TB_0101,35.2151875,34.02075,NA
60140,1,1,wet,TB_0477,35.082875,35.4649375,NA
60141,1,1,wet,TB_0428,35.0285,34.0874375,NA
60142,1,1,wet,TB_0467,35.408,33.4436875,NA
60149,1,1,wet,B100,34.9150625,35.02475,NA
60150,1,1,wet,TB_0068,34.6304375,33.7701875,NA
60151,1,1,wet,TB_0127,34.9663125,34.22925,NA
60152,1,1,wet,TB_0281,35.948875,36.293125,NA
60153,1,1,wet,TB_0497,35.62025,36.023375,NA
60154,1,1,wet,TB_0475,36.0466875,35.44975,NA
60155,1,1,wet,TB_0558,35.6619375,33.937125,NA
60156,1,1,wet,TB_0386,35.2014375,33.1444375,NA
60157,1,1,wet,TB_0126,35.2465625,33.2328125,NA
60158,1,1,wet,TB_0347,35.582,34.2744375,NA
60159,1,1,wet,B100,35.9426875,35.3591875,NA
60160,1,1,wet,TB_0269,39.0231875,36.0111875,NA
60201,1,2,wet,TB_0411,35.28375,34.8299375,NA
60202,1,2,wet,B100,35.2659375,33.780625,NA
60203,1,2,wet,TB_0530,35.1998125,34.959125,NA
60204,1,2,wet,TB_0559,35.2946875,33.8855625,NA
60205,1,2,wet,TB_0297,36.49475,35.9736875,NA
60210,1,2,wet,TB_0122,35.144625,34.4378125,NA
60211,1,2,wet,TB_0381,35.7181875,34.334,NA
60212,1,2,wet,TB_0124,36.4459375,35.582125,NA
60214,1,2,wet,TB_0447,35.8098125,36.954875,NA
60215,1,2,wet,TB_0446,35.1946875,34.279,NA
60216,1,2,wet,TB_0529,36.17875,36.5958125,NA
60217,1,2,wet,TB_0492,35.56,34.1790625,NA
60218,1,2,wet,B100,36.159125,35.6910625,NA
60219,1,2,wet,TB_0156,35.9870625,33.4436875,NA
60220,1,2,wet,B100,35.112375,34.4694375,NA
60221,1,2,wet,TB_0382,35.169875,35.4203125,NA
60222,1,2,wet,TB_0551,35.388875,33.939125,NA
60223,1,2,wet,TB_0501,36.173375,36.215375,NA
60224,1,2,wet,TB_0274,37.13375,36.52975,NA
60225,1,2,wet,TB_0486,35.9519375,33.545875,NA
60226,1,2,wet,TB_0550,35.376625,35.193375,NA
60227,1,2,wet,TB_0341,36.071875,36.5426875,NA
60228,1,2,wet,TB_0260,37.4295,35.4701875,NA
60229,1,2,wet,TB_0344,38.382125,37.90525,NA
60230,1,2,wet,TB_0167,38.0664375,36.239375,NA
60231,1,2,wet,TB_0169,35.12775,33.8175625,NA
60232,1,2,wet,TB_0208,36.7665625,36.7208125,NA
60233,1,2,wet,TB_0560,36.5389375,36.5031875,NA
60234,1,2,wet,B100,36.5919375,37.25425,NA
60235,1,2,wet,TB_0434,37.3578125,36.714625,NA
60236,1,2,wet,TB_0037,37.532375,34.571125,NA
60237,1,2,wet,TB_0402,35.3963125,35.459625,NA
60238,1,2,wet,TB_0412,36.0185,36.5380625,NA
60239,1,2,wet,TB_0346,37.8820625,36.598875,NA
60240,1,2,wet,TB_0420,36.209375,35.413625,NA
60241,1,2,wet,TB_0612,36.600375,35.868,NA
60242,1,2,wet,TB_0476,36.42875,35.0941875,NA
60243,1,2,wet,TB_0368,35.2055625,33.65,NA
60244,1,2,wet,TB_0424,35.51,35.30325,NA
60246,1,2,wet,TB_0641,35.5400625,34.5428125,NA
60247,1,2,wet,TB_0056,35.9573125,37.7835,NA
60248,1,2,wet,TB_0340,36.5935625,37.75325,NA
60249,1,2,wet,B100,34.7871875,33.790875,NA
60250,1,2,wet,TB_0046,36.3878125,34.41975,NA
60251,1,2,wet,TB_0348,35.645,37.161,NA
60252,1,2,wet,TB_0148,36.3475625,35.8908125,NA
60253,1,2,wet,TB_0103,35.448375,34.2795625,NA
60254,1,2,wet,TB_0212,36.4564375,34.628875,NA
60255,1,2,wet,TB_0554,35.23275,33.864125,NA
60256,1,2,wet,TB_0527,35.1719375,33.6786875,NA
60257,1,2,wet,TB_0278,35.319125,34.9436875,NA
60258,1,2,wet,TB_0439,35.1006875,33.867,NA
60259,1,2,wet,B100,34.982375,33.921125,NA
60260,1,2,wet,TB_0401,35.471375,34.4176875,NA
60301,1,3,wet,TB_0204,42.623125,34.4305625,NA
60302,1,3,wet,B100,36.6984375,33.959125,NA
60303,1,3,wet,TB_0258,36.5085,34.08025,NA
60304,1,3,wet,TB_0282,36.9725625,34.0714375,NA
60305,1,3,wet,TB_0577,36.85025,35.0823125,NA
60306,1,3,wet,TB_0358,36.981625,34.3920625,NA
60307,1,3,wet,TB_0534,36.130625,33.5286875,NA
60308,1,3,wet,TB_0384,36.292,34.3899375,NA
60310,1,3,wet,A10,37.5391875,34.686625,NA
60311,1,3,wet,TB_0610,36.3404375,33.5259375,NA
60312,1,3,wet,TB_0064,36.5596875,33.948,NA
60319,1,3,wet,TB_0155,37.219625,33.657125,NA
60320,1,3,wet,B100,36.14975,33.755625,NA
60321,1,3,wet,TB_0342,37.4285625,34.64,NA
60322,1,3,wet,TB_0456,36.361375,33.9101875,NA
60323,1,3,wet,TB_0540,36.384,34.03325,NA
60324,1,3,wet,TB_0606,36.800125,34.028375,NA
60325,1,3,wet,TB_0034,36.2015625,33.6943125,NA
60326,1,3,wet,TB_0137,36.878875,33.1484375,NA
60327,1,3,wet,TB_0555,35.839125,32.9859375,NA
60328,1,3,wet,TB_0547,37.362625,34.3168125,NA
60329,1,3,wet,TB_0050,36.63975,33.235,NA
60330,1,3,wet,TB_0460,36.5888125,33.473875,NA
60331,1,3,wet,TB_0315,37.02925,34.41175,NA
60332,1,3,wet,TB_0411,36.93175,34,NA
60333,1,3,wet,TB_0387,35.9978125,33.6006875,NA
60334,1,3,wet,B100,35.473875,33.37225,NA
60335,1,3,wet,TB_0201,36.1285625,33.54,NA
60337,1,3,wet,TB_0496,35.737625,33.2275625,NA
60338,1,3,wet,TB_0522,36.8478125,33.89625,NA
60339,1,3,wet,TB_0129,37.50325,34.799625,NA
60340,1,3,wet,TB_0294,37.3525625,35.0853125,NA
60341,1,3,wet,TB_0334,36.037875,34.57225,NA
60343,1,3,wet,TB_0357,35.9945,34.7988125,NA
60344,1,3,wet,TB_0107,36.2918125,34.2864375,NA
60346,1,3,wet,TB_0488,36.283,35.1910625,NA
60347,1,3,wet,TB_0031,35.927375,35.1789375,NA
60348,1,3,wet,TB_0063,36.9648125,34.908625,NA
60349,1,3,wet,B100,36.0829375,33.3828125,NA
60350,1,3,wet,TB_0191,35.99675,33.4660625,NA
60351,1,3,wet,TB_0478,35.646625,33.8336875,NA
60352,1,3,wet,TB_0266,35.527625,33.9939375,NA
60353,1,3,wet,TB_0025,35.7763125,34.124875,NA
60354,1,3,wet,TB_0579,36.4685625,34.5161875,NA
60355,1,3,wet,TB_0414,35.830125,33.722375,NA
60356,1,3,wet,TB_0131,35.5235625,33.322875,NA
60357,1,3,wet,TB_0465,36.5875625,33.5040625,NA
60358,1,3,wet,TB_0146,35.8003125,34.102625,NA
60359,1,3,wet,B100,35.5540625,33.791,NA
60360,1,3,wet,TB_0564,37.481125,34.23275,NA
60401,1,4,wet,TB_0581,36.01475,32.1248125,NA
60402,1,4,wet,B100,35.5245625,32.041875,NA
60403,1,4,wet,TB_0255,35.8845,32.35625,NA
60404,1,4,wet,TB_0044,36.5413125,32.6359375,NA
60405,1,4,wet,TB_0417,39.3154375,33.70975,NA
60411,1,4,wet,TB_0317,35.542,32.5455,NA
60412,1,4,wet,TB_0503,36.3214375,33.5365625,NA
60413,1,4,wet,TB_0355,36.128625,32.7270625,NA
60414,1,4,wet,TB_0569,35.4328125,32.0239375,NA
60415,1,4,wet,TB_0316,35.565375,32.11425,NA
60416,1,4,wet,TB_0006,35.0015,31.9619375,NA
60417,1,4,wet,TB_0226,35.5690625,32.024625,NA
60418,1,4,wet,B100,35.043375,32.279875,NA
60419,1,4,wet,TB_0130,35.6043125,31.708125,NA
60420,1,4,wet,B100,35.399875,31.61075,NA
60421,1,4,wet,TB_0352,35.44875,32.343875,NA
60422,1,4,wet,TB_0017,35.3285,32.3434375,NA
60423,1,4,wet,TB_0054,35.673125,32.3450625,NA
60424,1,4,wet,TB_0015,36.0515,32.79575,NA
60425,1,4,wet,TB_0259,36.274,32.4679375,NA
60426,1,4,wet,TB_0363,36.504875,32.49275,NA
60427,1,4,wet,TB_0480,36.2705,32.567,NA
60428,1,4,wet,TB_0310,35.4186875,32.3441875,NA
60429,1,4,wet,TB_0437,36.45275,32.7560625,NA
60431,1,4,wet,TB_0354,36.2695,32.39825,NA
60432,1,4,wet,TB_0309,36.5905,32.832,NA
60434,1,4,wet,B100,35.9894375,32.8831875,NA
60435,1,4,wet,TB_0444,36.7688125,32.1164375,NA
60436,1,4,wet,TB_0157,36.567125,32.3219375,NA
60437,1,4,wet,TB_0159,35.537125,32.3631875,NA
60438,1,4,wet,TB_0314,35.3390625,32.515625,NA
60439,1,4,wet,TB_0362,35.5831875,33.4195,NA
60440,1,4,wet,TB_0048,34.7695625,34.050125,NA
60441,1,4,wet,TB_0010,35.1649375,34.667375,NA
60442,1,4,wet,TB_0285,35.363875,33.525375,NA
60443,1,4,wet,TB_0088,35.3006875,32.5665625,NA
60444,1,4,wet,TB_0430,34.943125,32.6629375,NA
60445,1,4,wet,B100,34.6625625,32.2559375,NA
60446,1,4,wet,TB_0433,34.7760625,32.2320625,NA
60447,1,4,wet,TB_0335,35.1773125,32.1873125,NA
60448,1,4,wet,TB_0471,34.9825625,32.5475,NA
60449,1,4,wet,B100,35.0815,31.9365,NA
60450,1,4,wet,TB_0100,35.1900625,32.18225,NA
60451,1,4,wet,TB_0003,35.3305625,31.972125,NA
60452,1,4,wet,TB_0423,35.1931875,32.0100625,NA
60453,1,4,wet,TB_0267,35.0484375,32.09925,NA
60454,1,4,wet,TB_0047,34.871625,32.398125,NA
60455,1,4,wet,TB_0296,35.5404375,32.6088125,NA
60456,1,4,wet,TB_0531,35.044875,32.6728125,NA
60457,1,4,wet,TB_0409,35.295875,32.1295,NA
60458,1,4,wet,TB_0311,35.071875,32.326375,NA
60459,1,4,wet,B100,35.088125,31.7771875,NA
60460,1,4,wet,TB_0239,36.646125,32.24525,NA
60501,1,5,dry,TB_0135,38.722,38.79325,NA
60502,1,5,dry,B100,36.4754375,38.7420625,NA
60503,1,5,dry,TB_0254,41.006,41.8775,NA
60504,1,5,dry,TB_0500,38.11675,41.5309375,NA
60507,1,5,dry,TB_0513,36.0508125,38.9513125,NA
60508,1,5,dry,TB_0128,38.4693125,38.2266875,NA
60511,1,5,dry,TB_0544,36.1625625,38.177125,NA
60512,1,5,dry,TB_0161,37.448375,40.851,NA
60513,1,5,dry,TB_0640,35.310375,37.153625,NA
60514,1,5,dry,TB_0429,40.854125,41.022125,NA
60515,1,5,dry,TB_0487,37.4650625,39.1213125,NA
60518,1,5,dry,B100,36.50475,40.4946875,NA
60520,1,5,dry,B100,37.842875,42.1780625,NA
60521,1,5,dry,TB_0095,41.102125,40.2146875,NA
60522,1,5,dry,TB_0436,37.135375,39.6616875,NA
60523,1,5,dry,TB_0508,35.5175625,39.14775,NA
60524,1,5,dry,TB_0104,36.7506875,42.8895,NA
60525,1,5,dry,TB_0582,40.001,40.007375,NA
60526,1,5,dry,TB_0154,40.27825,39.9920625,NA
60527,1,5,dry,TB_0096,40.4619375,40.045625,NA
60529,1,5,dry,TB_0039,36.570875,37.4928125,NA
60532,1,5,dry,TB_0023,40.650875,42.1069375,NA
60535,1,5,dry,TB_0509,38.88875,39.023125,NA
60536,1,5,dry,TB_0594,36.3105625,39.35575,NA
60543,1,5,dry,TB_0549,37.8095,40.827875,NA
60544,1,5,dry,TB_0590,38.13725,39.9414375,NA
60547,1,5,dry,TB_0109,36.207375,42.288,NA
60548,1,5,dry,TB_0605,35.40775,38.2198125,NA
60549,1,5,dry,B100,35.914,40.4150625,NA
60550,1,5,dry,TB_0068,35.877,36.6055,NA
60551,1,5,dry,TB_0127,37.0375625,39.534375,NA
60552,1,5,dry,TB_0281,37.9048125,42.4473125,NA
60553,1,5,dry,TB_0497,37.085625,41.5736875,NA
60555,1,5,dry,TB_0558,38.011125,38.9738125,NA
60556,1,5,dry,TB_0386,36.3814375,37.421125,NA
60557,1,5,dry,TB_0126,38.199,38.2771875,NA
60558,1,5,dry,TB_0347,37.8383125,40.4325625,NA
60559,1,5,dry,B100,37.065,40.9356875,NA
60601,1,6,dry,TB_0411,35.5295625,35.68125,NA
60602,1,6,dry,TB_0297,36.4785,36.9909375,NA
60604,1,6,dry,B100,36.504625,34.9750625,NA
60605,1,6,dry,TB_0530,38.696125,39.103,NA
60606,1,6,dry,TB_0559,39.7733125,36.238,NA
60607,1,6,dry,TB_0339,35.7735625,38.896375,NA
60608,1,6,dry,TB_0597,35.7711875,34.629625,NA
60610,1,6,dry,TB_0122,36.9524375,38.0798125,NA
60612,1,6,dry,TB_0124,40.8821875,39.71525,NA
60614,1,6,dry,TB_0447,38.203625,37.1138125,NA
60615,1,6,dry,TB_0446,38.1113125,37.0105,NA
60616,1,6,dry,TB_0529,38.0790625,35.846875,NA
60617,1,6,dry,TB_0492,37.33925,38.4969375,NA
60618,1,6,dry,B100,37.9496875,36.620375,NA
60619,1,6,dry,TB_0156,37.45275,37.12675,NA
60620,1,6,dry,B100,36.1055,35.7950625,NA
60621,1,6,dry,TB_0382,37.2555625,38.360125,NA
60622,1,6,dry,TB_0551,37.2718125,34.829,NA
60623,1,6,dry,TB_0501,37.9848125,40.6915625,NA
60625,1,6,dry,TB_0486,35.4135,34.752125,NA
60626,1,6,dry,TB_0550,36.7094375,35.972625,NA
60627,1,6,dry,TB_0341,37.6098125,41.1963125,NA
60630,1,6,dry,TB_0167,41.994625,42.7173125,NA
60631,1,6,dry,TB_0169,35.6339375,38.53425,NA
60633,1,6,dry,TB_0560,37.775,40.7413125,NA
60634,1,6,dry,B100,36.0633125,36.964,NA
60635,1,6,dry,TB_0037,38.3026875,38.607,NA
60637,1,6,dry,TB_0402,35.744625,37.9439375,NA
60638,1,6,dry,TB_0412,39.96825,41.8181875,NA
60640,1,6,dry,TB_0420,38.675875,42.0359375,NA
60641,1,6,dry,TB_0612,39.2925,37.472625,NA
60642,1,6,dry,TB_0476,40.181125,38.47975,NA
60643,1,6,dry,TB_0368,36.500875,38.478375,NA
60644,1,6,dry,TB_0424,38.706125,37.4695,NA
60646,1,6,dry,TB_0641,36.8996875,36.34,NA
60649,1,6,dry,B100,35.7079375,36.5211875,NA
60650,1,6,dry,TB_0046,38.5063125,40.751875,NA
60653,1,6,dry,TB_0103,37.590875,37.2146875,NA
60655,1,6,dry,TB_0554,35.77625,34.668125,NA
60656,1,6,dry,TB_0527,36.371875,34.7795625,NA
60657,1,6,dry,TB_0278,38.959625,40.316,NA
60658,1,6,dry,TB_0439,37.136125,35.2899375,NA
60659,1,6,dry,B100,39.174125,42.1706875,NA
60660,1,6,dry,TB_0401,41.5321875,41.8376875,NA
60702,1,7,dry,B100,36.5875625,37.2195,NA
60703,1,7,dry,TB_0258,36.84425,38.334625,NA
60704,1,7,dry,TB_0282,36.7620625,36.8088125,NA
60705,1,7,dry,TB_0577,37.180125,37.1646875,NA
60709,1,7,dry,B100,36.3098125,37.3328125,NA
60710,1,7,dry,A10,37.1870625,36.92125,NA
60711,1,7,dry,TB_0610,36.3534375,36.9800625,NA
60712,1,7,dry,TB_0064,36.22625,35.9159375,NA
60713,1,7,dry,TB_0493,37.025875,36.558875,NA
60714,1,7,dry,TB_0265,37.3908125,37.7764375,NA
60715,1,7,dry,TB_0261,36.452875,40.4689375,NA
60716,1,7,dry,TB_0256,37.0403125,37.1416875,NA
60717,1,7,dry,TB_0495,36.9659375,36.937875,NA
60718,1,7,dry,B100,36.5280625,36.785125,NA
60719,1,7,dry,TB_0155,37.467375,35.65275,NA
60720,1,7,dry,B100,36.668375,35.36425,NA
60722,1,7,dry,TB_0456,37.1590625,36.3440625,NA
60723,1,7,dry,TB_0540,36.987625,36.6011875,NA
60724,1,7,dry,TB_0606,36.34025,36.3256875,NA
60725,1,7,dry,TB_0034,37.1976875,35.6016875,NA
60726,1,7,dry,TB_0137,39.46825,36.5359375,NA
60727,1,7,dry,TB_0555,35.687125,34.30225,NA
60728,1,7,dry,TB_0547,37.2989375,36.11925,NA
60729,1,7,dry,TB_0050,36.8246875,35.7986875,NA
60730,1,7,dry,TB_0460,36.4731875,36.2689375,NA
60732,1,7,dry,TB_0441,38.0068125,38.5475625,NA
60733,1,7,dry,TB_0387,36.7119375,37.5803125,NA
60734,1,7,dry,B100,35.858875,35.7219375,NA
60735,1,7,dry,TB_0201,35.9369375,35.3773125,NA
60737,1,7,dry,TB_0496,38.18825,35.9915625,NA
60738,1,7,dry,TB_0522,37.722625,36.9244375,NA
60739,1,7,dry,TB_0129,39.587875,39.4246875,NA
60740,1,7,dry,TB_0294,38.190125,39.5885,NA
60741,1,7,dry,TB_0334,36.8568125,36.7695625,NA
60742,1,7,dry,TB_0512,36.247125,37.0999375,NA
60743,1,7,dry,TB_0357,37.43825,38.9020625,NA
60744,1,7,dry,TB_0107,36.2995,37.361625,NA
60745,1,7,dry,B100,36.3901875,38.9575625,NA
60746,1,7,dry,TB_0488,36.7859375,35.468125,NA
60747,1,7,dry,TB_0031,36.65125,38.1810625,NA
60748,1,7,dry,TB_0063,36.330375,40.0738125,NA
60749,1,7,dry,B100,35.6445,36.532125,NA
60750,1,7,dry,TB_0191,36.3843125,37.433,NA
60751,1,7,dry,TB_0478,35.9066875,38.3845625,NA
60752,1,7,dry,TB_0266,35.72725,38.3436875,NA
60753,1,7,dry,TB_0025,35.5235625,36.3571875,NA
60754,1,7,dry,TB_0579,37.0091875,40.640375,NA
60755,1,7,dry,TB_0414,35.873375,36.8419375,NA
60756,1,7,dry,TB_0131,35.73425,36.7745625,NA
60757,1,7,dry,TB_0465,35.084875,35.93675,NA
60759,1,7,dry,B100,35.42325,35.7026875,NA
60760,1,7,dry,TB_0564,36.736875,36.0860625,NA
60801,1,8,dry,TB_0581,35.1494375,34.705125,NA
60802,1,8,dry,B100,35.947,35.434,NA
60803,1,8,dry,TB_0255,35.597875,36.652875,NA
60804,1,8,dry,TB_0044,37.0700625,36.505875,NA
60810,1,8,dry,TB_0462,35.9041875,35.39425,NA
60811,1,8,dry,TB_0317,37.9426875,36.857875,NA
60812,1,8,dry,TB_0503,38.6205,36.204875,NA
60813,1,8,dry,TB_0355,35.55825,38.128875,NA
60814,1,8,dry,TB_0569,35.19,35.2498125,NA
60815,1,8,dry,TB_0316,36.232,35.8021875,NA
60816,1,8,dry,TB_0006,35.5390625,35.31975,NA
60817,1,8,dry,TB_0226,40.822125,37.5725,NA
60818,1,8,dry,B100,36.6511875,35.731375,NA
60819,1,8,dry,TB_0130,35.980375,35.5990625,NA
60820,1,8,dry,B100,35.4018125,35.0426875,NA
60821,1,8,dry,TB_0352,35.554875,36.9225,NA
60822,1,8,dry,TB_0017,36.1235,35.787,NA
60823,1,8,dry,TB_0054,36.7963125,36.0279375,NA
60824,1,8,dry,TB_0015,38.2069375,35.454875,NA
60825,1,8,dry,TB_0259,36.258375,36.1670625,NA
60826,1,8,dry,TB_0363,35.95675,36.87475,NA
60827,1,8,dry,TB_0480,36.7925,39.9950625,NA
60828,1,8,dry,TB_0310,37.020625,37.0676875,NA
60829,1,8,dry,TB_0437,38.931625,36.88325,NA
60830,1,8,dry,TB_0593,38.0968125,35.798875,NA
60831,1,8,dry,TB_0354,35.2066875,37.53225,NA
60832,1,8,dry,TB_0309,35.69175,36.0439375,NA
60833,1,8,dry,TB_0097,36.2609375,36.3301875,NA
60834,1,8,dry,B100,36.349625,35.1130625,NA
60835,1,8,dry,TB_0444,37.6898125,34.825125,NA
60836,1,8,dry,TB_0157,38.8645625,36.685625,NA
60837,1,8,dry,TB_0159,35.956875,36.6854375,NA
60838,1,8,dry,TB_0314,35.3244375,35.7250625,NA
60839,1,8,dry,TB_0362,35.923125,37.2584375,NA
60840,1,8,dry,TB_0048,36.1765,37.321875,NA
60841,1,8,dry,TB_0010,37.3004375,37.1291875,NA
60842,1,8,dry,TB_0285,38.12825,37.2825625,NA
60843,1,8,dry,TB_0088,34.8284375,36.6225,NA
60844,1,8,dry,TB_0430,36.4671875,36.006875,NA
60845,1,8,dry,B100,34.546125,36.2303125,NA
60846,1,8,dry,TB_0433,39.4655,39.6763125,NA
60847,1,8,dry,TB_0335,37.8944375,36.993125,NA
60848,1,8,dry,TB_0471,38.3481875,36.3381875,NA
60849,1,8,dry,B100,34.762,35.0506875,NA
60850,1,8,dry,TB_0100,35.489,35.868125,NA
60851,1,8,dry,TB_0003,36.9785625,35.7345625,NA
60852,1,8,dry,TB_0423,36.590625,35.9194375,NA
60853,1,8,dry,TB_0267,36.3485625,35.785375,NA
60854,1,8,dry,TB_0047,37.894625,36.280625,NA
60855,1,8,dry,TB_0296,34.9235625,36.2505625,NA
60856,1,8,dry,TB_0531,34.8295,35.0385625,NA
60857,1,8,dry,TB_0409,35.15525,35.7136875,NA
60858,1,8,dry,TB_0311,35.2276875,34.2315625,NA
60859,1,8,dry,B100,34.947625,34.950625,NA
60901,2,9,dry,TB_0423,37.3091875,37.327,32.468625
60902,2,9,dry,B100,36.1823125,35.24775,30.029375
60903,2,9,dry,TB_0037,35.510125,35.1228125,29.84425
60904,2,9,dry,TB_0097,35.13975,35.1293125,30.3
60905,2,9,dry,TB_0500,34.804625,36.292875,30.4800625
60906,2,9,dry,TB_0063,34.089375,36.67225,29.85025
60907,2,9,dry,TB_0476,36.1236875,35.0814375,31.0136875
60908,2,9,dry,TB_0428,36.7079375,35.63575,30.6561875
60910,2,9,dry,TB_0512,35.0733125,36.7998125,31.392125
60911,2,9,dry,TB_0368,35.2725,35.656875,31.9070625
60912,2,9,dry,TB_0496,34.6026875,36.6513125,31.16975
60919,2,9,dry,TB_0212,39.7545625,37.6839375,34.0856875
60920,2,9,dry,B100,35.0529375,34.0660625,30.4340625
60921,2,9,dry,TB_0122,34.284625,33.4681875,30.445
60922,2,9,dry,TB_0495,34.24,34.5253125,30.025375
60923,2,9,dry,TB_0100,35.211,35.5403125,33.1341875
60924,2,9,dry,TB_0577,34.021875,34.0606875,31.034375
60926,2,9,dry,TB_0497,35.4443125,35.010625,30.63925
60927,2,9,dry,TB_0593,35.4418125,34.6331875,30.8978125
60928,2,9,dry,TB_0508,34.151125,34.024375,29.8041875
60931,2,9,dry,TB_0522,37.4923125,35.437125,29.9725
60932,2,9,dry,TB_0317,37.58625,37.0085,31.75775
60933,2,9,dry,TB_0088,35.245875,35.9600625,30.5645
60934,2,9,dry,B100,35.8754375,40.3840625,32.942
60935,2,9,dry,TB_0064,34.593,37.472875,33.3776875
60936,2,9,dry,TB_0154,34.539375,37.4998125,32.0293125
60937,2,9,dry,TB_0465,34.34125,33.429625,28.5853125
60938,2,9,dry,TB_0434,36.1396875,35.3553125,31.047375
60939,2,9,dry,TB_0315,36.622125,40.8703125,33.282875
60941,2,9,dry,TB_0096,35.2459375,39.871,32.41825
60942,2,9,dry,TB_0239,35.288,40.2020625,34.5633125
60943,2,9,dry,TB_0128,38.475375,35.1425,31.6121875
60944,2,9,dry,TB_0010,35.62225,35.834,31.6885625
60947,2,9,dry,TB_0501,34.3521875,36.0935625,32.3389375
60948,2,9,dry,TB_0314,33.7965625,37.2635625,31.2535625
60949,2,9,dry,B100,35.431375,35.44975,31.4154375
60950,2,9,dry,TB_0401,34.896625,34.3680625,31.89775
60951,2,9,dry,TB_0311,35.09325,34.8979375,32.4655625
60952,2,9,dry,TB_0462,35.62,34.4759375,30.4973125
60953,2,9,dry,TB_0124,34.25475,33.83225,30.31125
60954,2,9,dry,TB_0256,33.7238125,35.9056875,30.929625
60955,2,9,dry,TB_0208,39.2673125,39.27275,36.2856875
60956,2,9,dry,TB_0146,35.801125,34.155625,32.665375
60957,2,9,dry,TB_0109,34.6294375,33.6368125,31.3803125
60958,2,9,dry,TB_0155,35.299875,34.15575,30.7155
60959,2,9,dry,B100,34.69025,33.963875,29.82475
60960,2,9,dry,TB_0044,34.124875,33.488375,29.29275
61001,2,10,dry,TB_0101,36.374625,35.982,32.0994375
61002,2,10,dry,B100,36.19175,37.0759375,32.4094375
61004,2,10,dry,TB_0259,39.106875,36.4388125,34.419625
61005,2,10,dry,TB_0581,38.120625,35.7305625,31.771625
61006,2,10,dry,TB_0582,39.7075,35.973625,31.0213125
61013,2,10,dry,TB_0418,35.7339375,36.1080625,32.6699375
61014,2,10,dry,TB_0469,35.5014375,36.669,32.0543125
61015,2,10,dry,TB_0023,35.601125,38.4863125,30.772875
61016,2,10,dry,TB_0530,36.397125,36.781875,30.1085
61017,2,10,dry,TB_0226,37.7775,37.403,30.721
61018,2,10,dry,B100,37.571125,36.251625,29.5415
61019,2,10,dry,TB_0366,35.1936875,36.37,33.4675
61020,2,10,dry,B100,34.6096875,34.8846875,31.1443125
61021,2,10,dry,TB_0039,35.6925,34.761875,29.82475
61022,2,10,dry,TB_0559,35.8779375,34.1429375,28.9636875
61023,2,10,dry,TB_0017,36.7371875,35.844125,30.0973125
61024,2,10,dry,TB_0460,37.4695625,35.3146875,28.674
61025,2,10,dry,TB_0412,35.8664375,36.919,34.56275
61026,2,10,dry,TB_0282,35.3851875,35.836625,32.224875
61027,2,10,dry,TB_0544,35.6813125,35.272125,31.001625
61028,2,10,dry,TB_0606,36.420625,35.2979375,30.2576875
61029,2,10,dry,TB_0441,39.5603125,37.3514375,31.68925
61030,2,10,dry,TB_0433,39.2840625,36.2498125,30.17925
61031,2,10,dry,TB_0296,35.1573125,36.7954375,34.4106875
61032,2,10,dry,TB_0050,35.5171875,36.6911875,32.2800625
61033,2,10,dry,TB_0127,36.211875,37.1914375,32.302
61034,2,10,dry,B100,36.188625,35.9863125,31.2579375
61035,2,10,dry,TB_0191,37.9193125,35.9516875,30.314125
61036,2,10,dry,TB_0558,39.7148125,35.3190625,30.148125
61037,2,10,dry,TB_0339,35.8535,39.716,34.9463125
61038,2,10,dry,TB_0156,36.980125,36.692875,33.091875
61039,2,10,dry,TB_0068,35.9375625,34.9774375,30.4729375
61040,2,10,dry,TB_0409,36.78825,35.8903125,31.515125
61041,2,10,dry,TB_0579,37.1295,36.7965,30.507625
61042,2,10,dry,TB_0467,38.483875,34.8666875,29.4646875
61043,2,10,dry,TB_0610,35.0245625,35.596375,32.937875
61044,2,10,dry,TB_0527,35.627375,35.546,32.9763125
61045,2,10,dry,B100,36.180875,35.9388125,30.0295625
61046,2,10,dry,TB_0125,37.5031875,35.84175,33
61047,2,10,dry,TB_0354,36.546,36.054625,30.008625
61048,2,10,dry,TB_0015,36.788,34.619875,28.8259375
61049,2,10,dry,B100,35.0344375,35.5685625,31.1335
61050,2,10,dry,TB_0407,36.0143125,36.3196875,32.4216875
61051,2,10,dry,TB_0478,36.2584375,36.0146875,32.8685625
61052,2,10,dry,TB_0430,38.9883125,35.625125,32.305375
61053,2,10,dry,TB_0103,37.1160625,35.1716875,31.09275
61054,2,10,dry,TB_0611,38.4838125,34.8209375,30.8041875
61055,2,10,dry,TB_0266,35.858625,35.8408125,32.4726875
61056,2,10,dry,TB_0344,36.0049375,34.7084375,32.8653125
61057,2,10,dry,TB_0130,36.63625,34.274,32.577125
61058,2,10,dry,TB_0430,37.0575625,34.6918125,32.3210625
61059,2,10,dry,B100,35.1395625,34.0084375,29.796125
61060,2,10,dry,TB_0594,37.3703125,35.7396875,31.13775
61101,2,11,dry,TB_0503,37.194375,36.852875,29.4544375
61102,2,11,dry,B100,35.671625,36.6798125,29.871875
61103,2,11,dry,TB_0285,36.00825,36.7604375,31.181375
61104,2,11,dry,TB_0056,35.1140625,37.3385625,31.097625
61105,2,11,dry,TB_0540,34.8874375,35.774,31.3893125
61106,2,11,dry,TB_0034,34.6165,36.7925625,33.9908125
61111,2,11,dry,TB_0254,35.3904375,36.942625,34.00225
61112,2,11,dry,TB_0167,34.691375,35.729875,33.9235625
61113,2,11,dry,TB_0165,36.43825,36.37725,29.8040625
61114,2,11,dry,TB_0420,36.874625,35.9604375,31.3531875
61115,2,11,dry,TB_0358,37.9631875,37.427,32.513625
61116,2,11,dry,TB_0444,36.272,36.4219375,32.0940625
61117,2,11,dry,TB_0265,35.9255,35.98275,33.502375
61118,2,11,dry,B100,34.944625,37.245125,33.4570625
61120,2,11,dry,B100,36.595125,36.267375,31.0005
61121,2,11,dry,TB_0447,38.241375,39.457375,33.41975
61122,2,11,dry,TB_0488,37.3935,37.572125,33.434375
61123,2,11,dry,TB_0352,37.136125,38.9319375,35.0899375
61124,2,11,dry,TB_0424,35.2186875,38.5068125,36.2383125
61125,2,11,dry,TB_0211,39.82775,38.1995,35.977375
61126,2,11,dry,TB_0436,41.46275,41.0925,33.27425
61127,2,11,dry,TB_0046,40.46675,38.565375,35.9644375
61128,2,11,dry,TB_0417,38.66,41.797875,35.2748125
61129,2,11,dry,TB_0316,36.5823125,39.437,35.835875
61130,2,11,dry,TB_0260,35.5721875,38.6093125,40.725375
61131,2,11,dry,TB_0258,37.3035,36.3736875,30.294
61132,2,11,dry,TB_0598,39.8090625,39.0904375,33.552
61133,2,11,dry,TB_0161,39.3681875,39.129,32.8839375
61134,2,11,dry,B100,38.09325,39.1659375,33.46925
61135,2,11,dry,TB_0387,36.8635,38.2266875,33.62775
61136,2,11,dry,TB_0456,35.1768125,36.9799375,34.8153125
61137,2,11,dry,TB_0384,38.2880625,37.577375,30.61275
61139,2,11,dry,TB_0267,37.0638125,37.327625,30.7369375
61140,2,11,dry,TB_0148,40.1061875,41.506625,37.487625
61141,2,11,dry,TB_0597,36.1098125,35.8336875,32.28875
61142,2,11,dry,TB_0555,34.764625,35.548,32.077
61143,2,11,dry,TB_0129,42.933375,39.2864375,35.360625
61144,2,11,dry,TB_0310,37.1709375,36.856375,30.947875
61145,2,11,dry,B100,36.9569375,36.9606875,29.5289375
61146,2,11,dry,TB_0493,37.8925,38.009625,32.465375
61147,2,11,dry,TB_0048,35.934375,36.58325,31.6288125
61148,2,11,dry,TB_0547,35.268125,35.9973125,33.1619375
61149,2,11,dry,B100,35.4566875,35.6375625,30.046375
61150,2,11,dry,TB_0335,36.187,35.826375,30.896625
61151,2,11,dry,TB_0531,36.0143125,35.4310625,32.0044375
61152,2,11,dry,TB_0157,36.286625,36.14075,32.7794375
61153,2,11,dry,TB_0446,35.7100625,37.0983125,33.2755
61154,2,11,dry,TB_0590,34.7365,35.3984375,33.5969375
61156,2,11,dry,TB_0341,35.69625,36.212,30.7074375
61157,2,11,dry,TB_0047,35.6064375,35.3271875,31.3309375
61158,2,11,dry,TB_0475,35.6285625,34.6384375,30.6364375
61159,2,11,dry,B100,35.5476875,34.847125,30.071625
61160,2,11,dry,TB_0095,36.3310625,35.38725,32.789375
61201,2,12,dry,TB_0437,34.839625,33.8781875,32.548
61202,2,12,dry,B100,35.2626875,33.8978125,32.8490625
61203,2,12,dry,TB_0564,35.89725,35.27075,33.5416875
61204,2,12,dry,TB_0513,35.693,35.2984375,31.3485625
61205,2,12,dry,TB_0550,36.6460625,35.8495,30.7775625
61206,2,12,dry,TB_0029,37.6221875,36.5384375,29.5496875
61207,2,12,dry,TB_0131,36.2884375,34.701125,35.6641875
61208,2,12,dry,TB_0362,36.675375,36.1749375,35.3271875
61210,2,12,dry,TB_0336,36.5641875,35.28325,31.2779375
61211,2,12,dry,TB_0309,36.7536875,34.7608125,30.3465
61212,2,12,dry,TB_0640,36.5983125,35.048125,28.6110625
61219,2,12,dry,TB_0641,35.00225,33.347,32.8628125
61220,2,12,dry,B100,35.0908125,33.8079375,32.7676875
61221,2,12,dry,TB_0560,35.411,34.6225,32.2759375
61222,2,12,dry,TB_0107,35.8790625,34.220375,30.7444375
61223,2,12,dry,TB_0471,36.718875,35.2083125,30.3130625
61225,2,12,dry,TB_0281,35.430625,34.4749375,34.7148125
61226,2,12,dry,TB_0054,35.3769375,34.46825,33.655625
61227,2,12,dry,TB_0334,35.6388125,34.994375,33.7776875
61228,2,12,dry,TB_0402,35.5665,35.555875,32.7159375
61229,2,12,dry,TB_0363,37.3915625,36.970625,32.745125
61230,2,12,dry,TB_0486,37.011125,36.6210625,30.80425
61231,2,12,dry,TB_0135,35.7184375,34.48475,35.3314375
61233,2,12,dry,TB_0382,35.6628125,37.064875,32.6514375
61234,2,12,dry,B100,35.768875,36.6501875,31.3388125
61235,2,12,dry,TB_0509,36.8135,37.284375,30.6084375
61236,2,12,dry,TB_0006,36.743375,36.1334375,28.989875
61237,2,12,dry,TB_0529,35.19425,33.7550625,33.84625
61238,2,12,dry,TB_0347,34.9204375,34.7399375,33.60875
61239,2,12,dry,TB_0025,35.4908125,35.402125,31.3111875
61240,2,12,dry,TB_0414,36.1203125,35.547875,30.7123125
61241,2,12,dry,TB_0492,36.0310625,35.5279375,29.1664375
61242,2,12,dry,TB_0104,36.33225,35.7838125,29.0165
61243,2,12,dry,TB_0201,35.2343125,33.5076875,30.9508125
61244,2,12,dry,TB_0534,35.938125,34.3051875,32.907875
61245,2,12,dry,B100,35.4728125,34.478875,32.0016875
61246,2,12,dry,TB_0569,36.3488125,35.204375,31.9980625
61247,2,12,dry,TB_0003,36.829,36.0434375,31.1626875
61248,2,12,dry,TB_0612,37.1103125,37.5425625,30.4319375
61249,2,12,dry,B100,35.1689375,34.0501875,31.3701875
61250,2,12,dry,TB_0297,34.858625,34.3098125,31.31575
61251,2,12,dry,TB_0159,36.8285,35.6445,33.0623125
61252,2,12,dry,TB_0126,35.6324375,34.5380625,31.4053125
61253,2,12,dry,TB_0381,35.57925,35.0955,30.5480625
61255,2,12,dry,TB_0487,34.6903125,33.4764375,30.737125
61256,2,12,dry,TB_0261,34.5975,33.2729375,29.094125
61257,2,12,dry,TB_0294,35.186875,33.7800625,30.135125
61258,2,12,dry,TB_0353,35.5449375,34.33475,31.32975
61259,2,12,dry,B100,34.5900625,34.2438125,30.3455625
61260,2,12,dry,TB_0386,34.9561875,33.884875,29.041
61301,2,13,wet,TB_0423,35.63775,33.2300625,29.7294375
61302,2,13,wet,B100,35.6978125,33.367625,29.6889375
61303,2,13,wet,TB_0037,36.6780625,33.9458125,29.769375
61305,2,13,wet,TB_0500,35.314875,35.4815625,29.875625
61306,2,13,wet,TB_0063,35.1143125,34.027375,30.5091875
61310,2,13,wet,TB_0512,35.4123125,33.6960625,29.9925625
61311,2,13,wet,TB_0368,35.07675,33.4730625,29.8129375
61312,2,13,wet,TB_0496,34.94225,33.729625,31.136125
61313,2,13,wet,TB_0477,35.0025625,33.0040625,30.27125
61314,2,13,wet,TB_0355,35.852625,34.265,31.5234375
61315,2,13,wet,TB_0439,36.3554375,32.7695625,29.936125
61316,2,13,wet,TB_0549,35.77875,33.3038125,30.771125
61317,2,13,wet,TB_0554,35.084875,33.4803125,31.1651875
61318,2,13,wet,B100,34.8708125,33.4955625,31.540875
61319,2,13,wet,TB_0212,37.447625,33.2259375,32.532625
61320,2,13,wet,B100,35.8758125,32.8635625,30.4839375
61321,2,13,wet,TB_0122,36.23125,33.059,31.5218125
61322,2,13,wet,TB_0495,35.9681875,33.700125,31.9865
61323,2,13,wet,TB_0100,35.586625,32.99225,32.6255625
61324,2,13,wet,TB_0577,35.1551875,33.3475625,33.675
61325,2,13,wet,TB_0205,36.184,34.5883125,30.825
61326,2,13,wet,TB_0497,37.244625,33.6048125,31.1410625
61327,2,13,wet,TB_0593,36.7074375,33.559875,31.0140625
61328,2,13,wet,TB_0508,35.619625,34.0515,31.6853125
61329,2,13,wet,TB_0342,35.9530625,34.878125,32.7133125
61331,2,13,wet,TB_0522,35.4250625,33.5440625,29.398375
61332,2,13,wet,TB_0317,36.5970625,34.0115,29.8421875
61333,2,13,wet,TB_0088,35.604625,33.068875,29.87575
61334,2,13,wet,B100,35.4963125,32.75025,30.144
61335,2,13,wet,TB_0064,35.1898125,33.3788125,31.6264375
61336,2,13,wet,TB_0154,35.508625,33.531375,33.5879375
61337,2,13,wet,TB_0465,34.7931875,32.4274375,28.4651875
61338,2,13,wet,TB_0434,35.4364375,32.88125,29.14575
61339,2,13,wet,TB_0315,35.66225,33.7356875,29.4493125
61343,2,13,wet,TB_0128,36.7585,33.8619375,30.421125
61344,2,13,wet,TB_0010,35.84025,33.81675,30.9990625
61345,2,13,wet,B100,35.881,34.066375,29.4701875
61346,2,13,wet,TB_0429,35.7559375,35.6414375,31.7513125
61347,2,13,wet,TB_0501,35.4448125,35.1524375,31.5205625
61348,2,13,wet,TB_0314,35.6235,34.43975,31.870625
61349,2,13,wet,B100,35.1054375,32.8764375,29.126125
61350,2,13,wet,TB_0401,35.720875,33.0398125,30.277875
61351,2,13,wet,TB_0311,35.3625625,33.4149375,31.3543125
61353,2,13,wet,TB_0124,34.9563125,32.922875,31.0035625
61354,2,13,wet,TB_0256,34.6080625,33.229625,30.5518125
61356,2,13,wet,TB_0146,35.7884375,32.7076875,30.5963125
61357,2,13,wet,TB_0109,34.5178125,32.4525,30.1598125
61358,2,13,wet,TB_0155,34.7920625,32.344875,31.3436875
61359,2,13,wet,B100,34.547625,32.0533125,29.7911875
61360,2,13,wet,TB_0044,35.2994375,32.5065625,30.38625
61401,2,14,wet,TB_0101,34.873,33.1470625,29.588125
61402,2,14,wet,B100,35.1848125,33.3829375,29.525125
61403,2,14,wet,TB_0337,35.6331875,35.01175,29.6365
61404,2,14,wet,TB_0259,35.9824375,34.5838125,30.5486875
61405,2,14,wet,TB_0581,36.9586875,33.8388125,29.2854375
61406,2,14,wet,TB_0582,36.8656875,33.704375,29.5344375
61407,2,14,wet,TB_0348,34.362375,33.8048125,31.86925
61408,2,14,wet,TB_0357,35.0751875,35.82075,32.282875
61410,2,14,wet,TB_0169,35.61325,34.848375,28.9260625
61411,2,14,wet,TB_0340,35.695,34.8745,29.5764375
61412,2,14,wet,TB_0255,35.788125,34.3726875,29.4848125
61413,2,14,wet,TB_0418,34.6140625,33.0791875,31.684125
61414,2,14,wet,TB_0469,34.9615,33.86725,31.0929375
61415,2,14,wet,TB_0023,35.731,34.2855625,29.4915625
61416,2,14,wet,TB_0530,35.6104375,34.984,29.4383125
61417,2,14,wet,TB_0226,36.377,34.3094375,29.1963125
61418,2,14,wet,B100,36.087875,36.2159375,29.891375
61419,2,14,wet,TB_0366,34.62275,33.75875,30.7853125
61420,2,14,wet,B100,34.5593125,33.1200625,29.827
61421,2,14,wet,TB_0039,35.8610625,33.7623125,29.3316875
61422,2,14,wet,TB_0559,35.26025,33.08975,28.6041875
61423,2,14,wet,TB_0017,36.00325,33.7175,30.382125
61424,2,14,wet,TB_0460,36.2101875,34.1319375,29.495625
61425,2,14,wet,TB_0412,35.6248125,33.3816875,32.3730625
61426,2,14,wet,TB_0282,35.6504375,33.588125,30.77775
61427,2,14,wet,TB_0544,35.7385625,33.8516875,30.22825
61428,2,14,wet,TB_0606,35.8066875,35.116875,29.423625
61429,2,14,wet,TB_0441,35.791125,35.9789375,29.642375
61430,2,14,wet,TB_0433,36.3899375,34.315375,28.7541875
61431,2,14,wet,TB_0296,34.539875,33.9095625,29.96475
61432,2,14,wet,TB_0050,34.8911875,34.4668125,29.8009375
61433,2,14,wet,TB_0127,34.6151875,34.37825,29.3363125
61434,2,14,wet,B100,35.048125,34.715,29.29525
61435,2,14,wet,TB_0191,36.23075,34.295375,29.45475
61436,2,14,wet,TB_0558,36.456125,34.469625,29.55325
61437,2,14,wet,TB_0339,34.563375,33.2378125,30.6941875
61438,2,14,wet,TB_0156,34.736875,33.637875,30.25075
61439,2,14,wet,TB_0068,35.399875,33.20525,29.4074375
61440,2,14,wet,TB_0409,35.05425,33.98425,29.799125
61441,2,14,wet,TB_0579,35.0235,33.8489375,30.3849375
61442,2,14,wet,TB_0467,36.19125,33.6260625,29.036875
61449,2,14,wet,B100,34.45925,32.7309375,29.6544375
61450,2,14,wet,TB_0611,34.073375,32.8823125,30.0445
61451,2,14,wet,TB_0103,34.4805625,32.9904375,29.3903125
61452,2,14,wet,TB_0411,34.3459375,34.012375,29.4684375
61453,2,14,wet,TB_0478,35.1321875,34.6234375,29.2104375
61454,2,14,wet,TB_0407,36.0365625,35.3734375,30.1325
61455,2,14,wet,TB_0266,34.424125,33.1975625,30.7160625
61456,2,14,wet,TB_0344,34.459625,33.1131875,29.8456875
61457,2,14,wet,TB_0130,35.052375,32.992375,29.1349375
61458,2,14,wet,TB_0430,35.4801875,33.036375,29.748375
61459,2,14,wet,B100,35.35575,32.6589375,28.8716875
61460,2,14,wet,TB_0594,36.195,33.8404375,29.7501875
61501,2,15,wet,TB_0503,37.1575625,33.2776875,29.163
61502,2,15,wet,B100,36.4405625,33.6449375,29.910875
61503,2,15,wet,TB_0285,35.9535625,34.3935,31.2541875
61504,2,15,wet,TB_0056,35.834875,34.2113125,30.683625
61505,2,15,wet,TB_0540,36.0748125,33.821875,31.7495625
61506,2,15,wet,TB_0034,35.9296875,34.5749375,32.337
61513,2,15,wet,TB_0165,36.394125,32.1065625,28.245625
61514,2,15,wet,TB_0420,36.643125,32.6365625,29.1108125
61515,2,15,wet,TB_0358,36.4644375,33.0088125,30.2514375
61516,2,15,wet,TB_0444,36.174625,33.0791875,30.6508125
61517,2,15,wet,TB_0265,36.5604375,33.5370625,31.3199375
61518,2,15,wet,B100,35.4096875,32.92925,30.9350625
61520,2,15,wet,B100,36.2023125,32.6971875,29.1124375
61521,2,15,wet,TB_0447,35.853375,32.9865625,30.31425
61522,2,15,wet,TB_0488,37.1038125,32.8335625,30.5505625
61523,2,15,wet,TB_0352,36.18575,33.6165,32.514125
61524,2,15,wet,TB_0424,36.316,34.0274375,31.8284375
61525,2,15,wet,TB_0211,36.50225,32.2045625,29.4598125
61526,2,15,wet,TB_0436,36.7359375,33.3886875,30.6685625
61527,2,15,wet,TB_0046,36.8825625,34.3310625,32.273125
61528,2,15,wet,TB_0417,37.161375,34.202125,31.3498125
61529,2,15,wet,TB_0316,36.47825,33.706,30.932625
61530,2,15,wet,TB_0260,36.134,33.3675,32.340125
61531,2,15,wet,TB_0258,36.318875,32.45975,29.331875
61532,2,15,wet,TB_0598,36.129875,32.9860625,30.8329375
61533,2,15,wet,TB_0161,36.296375,33.104,30.6553125
61534,2,15,wet,B100,35.4453125,33.1648125,30.234875
61535,2,15,wet,TB_0387,35.811125,34.1209375,30.5551875
61536,2,15,wet,TB_0456,35.7728125,33.424125,31.59375
61537,2,15,wet,TB_0384,36.9751875,33.39025,30.181625
61538,2,15,wet,TB_0269,36.25025,37.223,34.527
61539,2,15,wet,TB_0267,35.93675,34.1595625,29.9394375
61540,2,15,wet,TB_0148,37.008375,35.904875,32.8163125
61541,2,15,wet,TB_0597,35.6470625,34.088375,32.039
61542,2,15,wet,TB_0555,35.2184375,33.0643125,30.9294375
61543,2,15,wet,TB_0129,37.4221875,33.2884375,29.478125
61544,2,15,wet,TB_0310,36.0739375,33.2025,29.619
61545,2,15,wet,B100,35.5658125,33.1145,29.6349375
61546,2,15,wet,TB_0493,35.6400625,32.786375,29.74325
61547,2,15,wet,TB_0048,35.341375,33.644875,30.6640625
61548,2,15,wet,TB_0547,35.6188125,34.319,32.3354375
61549,2,15,wet,B100,35.171625,31.7685625,27.8506875
61550,2,15,wet,TB_0335,35.104625,32.0480625,28.0155
61551,2,15,wet,TB_0531,35.39925,32.54225,29.291125
61552,2,15,wet,TB_0157,35.589,32.2421875,29.0164375
61553,2,15,wet,TB_0446,35.6753125,32.30675,29.9551875
61554,2,15,wet,TB_0590,36.0474375,32.8358125,31.96825
61555,2,15,wet,TB_0278,35.758,32.377375,28.3100625
61556,2,15,wet,TB_0341,35.28225,32.464875,27.5154375
61557,2,15,wet,TB_0047,35.6353125,33.07425,28.23
61558,2,15,wet,TB_0475,35.553625,32.095625,28.40775
61559,2,15,wet,B100,35.8856875,32.558875,29.51325
61560,2,15,wet,TB_0095,36.13825,32.118125,28.848375
61601,2,16,wet,TB_0437,34.5484375,32.949875,30.974125
61602,2,16,wet,B100,34.803125,33.1179375,30.569125
61603,2,16,wet,TB_0564,34.7868125,33.349875,30.6595625
61604,2,16,wet,TB_0513,35.5035625,32.8036875,29.785625
61605,2,16,wet,TB_0550,36.29625,33.13425,29.9991875
61606,2,16,wet,TB_0029,36.104625,33.47525,29.860375
61613,2,16,wet,TB_0274,34.4621875,33.891375,31.6509375
61614,2,16,wet,TB_0346,35.6415625,34.3024375,31.1594375
61615,2,16,wet,TB_0319,35.2236875,33.54,30.4536875
61616,2,16,wet,TB_0480,35.615375,33.628375,29.694
61617,2,16,wet,TB_0031,35.733875,33.5865625,29.0440625
61618,2,16,wet,B100,35.5559375,32.9101875,28.7226875
61619,2,16,wet,TB_0641,34.4685,33.1,30.167
61620,2,16,wet,B100,33.571,32.73175,29.05875
61621,2,16,wet,TB_0560,34.105,32.801625,29.6725625
61622,2,16,wet,TB_0107,34.73575,32.73175,28.2086875
61623,2,16,wet,TB_0471,35.5461875,33.10325,28.75625
61625,2,16,wet,TB_0281,33.7923125,32.945875,31.8598125
61626,2,16,wet,TB_0054,34.1058125,33.4221875,30.0458125
61627,2,16,wet,TB_0334,34.395375,33.244,29.5214375
61628,2,16,wet,TB_0402,35.1265,33.3429375,29.2826875
61629,2,16,wet,TB_0363,35.4059375,33.7709375,29.484375
61630,2,16,wet,TB_0486,36.02875,33.448375,28.3693125
61631,2,16,wet,TB_0135,33.502625,33.4683125,31.867875
61632,2,16,wet,TB_0228,34.3913125,36.0824375,33.1434375
61633,2,16,wet,TB_0382,34.05975,34.9273125,30.5698125
61634,2,16,wet,B100,34.328625,33.6106875,29.265125
61635,2,16,wet,TB_0509,35.3853125,33.4374375,27.9645625
61636,2,16,wet,TB_0006,34.987875,33.63175,27.98225
61637,2,16,wet,TB_0529,33.989875,32.929,31.7631875
61638,2,16,wet,TB_0347,34.036,33.94575,29.5708125
61639,2,16,wet,TB_0025,35.128125,33.4935,28.91225
61640,2,16,wet,TB_0414,34.1861875,33.303,28.20725
61641,2,16,wet,TB_0492,35.05775,33.7688125,27.4926875
61642,2,16,wet,TB_0104,35.181875,34.451875,28.366625
61643,2,16,wet,TB_0201,33.65,32.7535,30.3968125
61644,2,16,wet,TB_0534,34.4438125,33.1056875,29.492875
61646,2,16,wet,TB_0569,34.1779375,33.4441875,28.8365625
61647,2,16,wet,TB_0003,34.5844375,32.8978125,27.5370625
61648,2,16,wet,TB_0612,34.25775,33.927625,27.9221875
61649,2,16,wet,B100,34.3616875,32.7869375,29.984625
61650,2,16,wet,TB_0297,33.709875,32.8374375,29.1393125
61651,2,16,wet,TB_0159,34.5954375,32.62075,29.91475
61652,2,16,wet,TB_0126,34.399375,32.6879375,28.70625
61653,2,16,wet,TB_0381,34.269875,33.153125,28.190625
61654,2,16,wet,A10,36.8100625,33.1638125,27.4225
61655,2,16,wet,TB_0487,33.4923125,32.598,30.0021875
61656,2,16,wet,TB_0261,33.356375,32.6683125,28.966375
61657,2,16,wet,TB_0294,33.8006875,33.099,28.138375
61658,2,16,wet,TB_0353,33.4855625,32.7089375,28.978875
61659,2,16,wet,B100,33.2964375,32.2763125,28.8984375
61660,2,16,wet,TB_0386,34.096375,32.4283125,27.2701875