Subplot_ID,Rep,Awning,Treatment,Genotype,core,stoden_raw,date,stoden_pred
60101,1,1,wet,TB_0135,NA,127.3203125,P2,131.000075
60102,1,1,wet,B100,NA,118.3828125,P2,127.1698418
60104,1,1,wet,TB_0500,NA,171.8671875,P2,141.3814201
60105,1,1,wet,TB_0353,core,121.953125,P1,114.8779265
60106,1,1,wet,TB_0319,NA,129.0234375,P2,131.7295893
60107,1,1,wet,TB_0513,NA,107.7890625,P2,124.3444161
60108,1,1,wet,TB_0128,NA,138.40625,P2,135.5651659
60109,1,1,wet,B100,NA,110.7421875,P2,127.1698418
60110,1,1,wet,TB_0165,core,84.984375,P1,97.32324541
60111,1,1,wet,TB_0544,core,95.8203125,P1,113.9298648
60112,1,1,wet,TB_0161,core,160.21875,P1,119.1967567
60113,1,1,wet,TB_0640,core,106.5,P1,103.3235331
60114,1,1,wet,TB_0429,NA,102.21875,P2,114.2265435
60115,1,1,wet,TB_0487,core,116.3125,P1,120.070585
60116,1,1,wet,TB_0366,core,121.0703125,P1,117.001594
60117,1,1,wet,TB_0275,core,157.8125,P1,130.3367631
60118,1,1,wet,B100,NA,79.8984375,P1,101.5139179
60119,1,1,wet,TB_0336,core,62,P1,95.2313534
60121,1,1,wet,TB_0095,core,102.7421875,P1,108.9147103
60122,1,1,wet,TB_0436,NA,154.1484375,P2,135.634013
60123,1,1,wet,TB_0508,core,104.1484375,P1,103.9391849
60124,1,1,wet,TB_0104,core,95.8203125,P1,98.58367654
60125,1,1,wet,TB_0582,core,96.25,P1,108.7793405
60126,1,1,wet,TB_0154,NA,86.984375,P2,112.6908829
60127,1,1,wet,TB_0096,NA,168.63375,P2,130.542136
60128,1,1,wet,TB_0211,NA,127.90625,P2,118.1681424
60129,1,1,wet,TB_0039,NA,119.859375,P1,108.5374859
60130,1,1,wet,TB_0029,core,88.6328125,P1,99.2138921
60132,1,1,wet,TB_0023,NA,123.265625,P2,136.3410195
60133,1,1,wet,TB_0418,NA,85,P1,109.0007208
60134,1,1,wet,B100,NA,67.328125,P1,101.5139179
60135,1,1,wet,TB_0509,core,100.359375,P1,96.46927684
60136,1,1,wet,TB_0594,core,115.0234375,P1,106.3686923
60137,1,1,wet,TB_0125,core,118.7421875,P1,114.7137527
60138,1,1,wet,TB_0611,core,117.984375,P1,116.3594626
60139,1,1,wet,TB_0101,core,115.2890625,P1,117.2147552
60140,1,1,wet,TB_0477,core,125.6640625,P1,109.9884599
60141,1,1,wet,TB_0428,NA,128.6328125,P2,125.0673104
60142,1,1,wet,TB_0467,NA,94.2578125,P1,108.6579682
60143,1,1,wet,TB_0549,core,122.96875,P1,113.2229486
60144,1,1,wet,TB_0590,NA,145.6953125,P2,137.8477114
60145,1,1,wet,B100,NA,122.5946875,P2,127.1698418
60146,1,1,wet,TB_0407,core,94.8515625,P1,100.345897
60147,1,1,wet,TB_0109,core,125.6953125,P1,112.222018
60148,1,1,wet,TB_0605,core,99.6953125,P1,104.1258664
60149,1,1,wet,B100,NA,120.0165625,P2,127.1698418
60150,1,1,wet,TB_0068,NA,164.0625,P2,135.5914867
60151,1,1,wet,TB_0127,core,117.078125,P1,115.5584534
60152,1,1,wet,TB_0281,core,125.25,P1,109.0471085
60153,1,1,wet,TB_0497,NA,139.921875,P2,145.1837383
60154,1,1,wet,TB_0475,core,95.7734375,P1,105.5517953
60155,1,1,wet,TB_0558,core,110.765625,P1,111.103253
60156,1,1,wet,TB_0386,core,120.734375,P1,107.294156
60157,1,1,wet,TB_0126,NA,99.5,P1,102.5279855
60158,1,1,wet,TB_0347,core,133.015625,P1,123.3024257
60159,1,1,wet,B100,NA,109.0390625,P2,127.1698418
60201,1,2,wet,TB_0411,core,92.9765625,P1,108.0487055
60202,1,2,wet,B100,NA,136.625,P2,127.1698418
60203,1,2,wet,TB_0530,NA,122.8984375,P2,136.9897709
60204,1,2,wet,TB_0559,core,116.3515625,P1,124.5204894
60205,1,2,wet,TB_0297,core,100.0625,P1,98.88024857
60207,1,2,wet,TB_0339,core,94.640625,P1,111.176072
60208,1,2,wet,TB_0597,NA,114.75,P1,117.0361834
60209,1,2,wet,B100,NA,127.2275,P2,127.1698418
60210,1,2,wet,TB_0122,core,103.8671875,P1,113.2507522
60211,1,2,wet,TB_0381,core,105.265625,P1,100.344573
60212,1,2,wet,TB_0124,core,124.9375,P1,116.2207903
60214,1,2,wet,TB_0447,core,119.84375,P1,110.1751414
60215,1,2,wet,TB_0446,NA,121.444375,P2,136.4840096
60216,1,2,wet,TB_0529,NA,135.5234375,P2,133.8214813
60217,1,2,wet,TB_0492,core,113.5234375,P1,108.2169716
60218,1,2,wet,B100,NA,73.171875,P1,101.5139179
60219,1,2,wet,TB_0156,NA,106.609375,P2,122.2167766
60220,1,2,wet,B100,NA,101.484375,P2,127.1698418
60221,1,2,wet,TB_0382,core,97.734375,P1,93.02162698
60222,1,2,wet,TB_0551,core,94.2578125,P1,106.4852028
60224,1,2,wet,TB_0274,core,110.4375,P1,100.8066428
60225,1,2,wet,TB_0486,NA,137.0859375,P2,131.6339931
60226,1,2,wet,TB_0550,core,121.078125,P1,111.6632975
60227,1,2,wet,TB_0341,NA,134.2109375,P2,135.5519261
60228,1,2,wet,TB_0260,core,108.25,P1,119.9858501
60229,1,2,wet,TB_0344,NA,101.1171875,P2,121.5163899
60230,1,2,wet,TB_0167,core,89.75,P1,103.402972
60231,1,2,wet,TB_0169,core,97.8203125,P1,106.470639
60233,1,2,wet,TB_0560,NA,148.109375,P2,144.4067196
60234,1,2,wet,B100,NA,88.296875,P1,101.5139179
60235,1,2,wet,TB_0434,core,94.8359375,P1,105.0605979
60236,1,2,wet,TB_0037,core,101.1015625,P1,97.9441931
60237,1,2,wet,TB_0402,core,93.015625,P1,101.4409408
60241,1,2,wet,TB_0612,core,109.875,P1,107.061294
60242,1,2,wet,TB_0476,core,108.2890625,P1,105.4577925
60243,1,2,wet,TB_0368,core,109.4375,P1,107.3404953
60244,1,2,wet,TB_0424,NA,118.5625,P2,123.756568
60245,1,2,wet,B100,NA,115.1328125,P2,127.1698418
60246,1,2,wet,TB_0641,NA,143.7265625,P2,136.7382142
60247,1,2,wet,TB_0056,NA,152.1875,P2,133.1235837
60248,1,2,wet,TB_0340,NA,141.15625,P2,138.7109499
60249,1,2,wet,B100,NA,115.82125,P2,127.1698418
60251,1,2,wet,TB_0348,NA,141.6875,P2,133.4348784
60252,1,2,wet,TB_0148,NA,80.75,P1,91.11938911
60253,1,2,wet,TB_0103,core,110.6875,P1,107.9561471
60255,1,2,wet,TB_0554,core,96.1171875,P1,106.3369168
60256,1,2,wet,TB_0527,core,88.15625,P1,97.55891425
60257,1,2,wet,TB_0278,core,97.4140625,P1,100.3127678
60259,1,2,wet,B100,NA,112.3984375,P2,127.1698418
60260,1,2,wet,TB_0401,core,109.2734375,P1,112.7701467
60301,1,3,wet,TB_0204,core,128.125,P1,126.0655767
60302,1,3,wet,B100,NA,114.5,P2,127.1698418
60303,1,3,wet,TB_0258,core,64.5,P1,96.03368667
60304,1,3,wet,TB_0282,core,119.453125,P1,117.2452068
60305,1,3,wet,TB_0577,core,110.1796875,P1,100.6040735
60306,1,3,wet,TB_0358,core,102.953125,P1,100.7364717
60307,1,3,wet,TB_0534,core,130.46875,P1,123.2123949
60308,1,3,wet,TB_0384,core,95.7890625,P1,98.24076513
60309,1,3,wet,B100,NA,117.625,P2,127.1698418
60310,1,3,wet,A10,NA,89.9453125,P2,118.598333
60311,1,3,wet,TB_0610,core,105.59375,P1,104.8633245
60313,1,3,wet,TB_0493,NA,99.6640625,P2,135.9146972
60314,1,3,wet,TB_0265,core,103.0625,P1,102.5794551
60315,1,3,wet,TB_0261,NA,115.09375,P2,120.8546995
60316,1,3,wet,TB_0256,core,99.5390625,P1,100.1438791
60317,1,3,wet,TB_0495,NA,118.3125,P2,138.4951387
60318,1,3,wet,B100,NA,49.5,P1,101.5139179
60319,1,3,wet,TB_0155,NA,92.6571875,P2,115.7861946
60320,1,3,wet,B100,NA,145.4765625,P2,127.1698418
60321,1,3,wet,TB_0342,NA,125.296875,P2,121.1562115
60322,1,3,wet,TB_0456,core,134.8446875,P1,114.5735694
60323,1,3,wet,TB_0540,core,114.21875,P1,111.7374405
60324,1,3,wet,TB_0606,core,117.4140625,P1,124.3774993
60325,1,3,wet,TB_0034,core,113.9921875,P1,103.5644979
60326,1,3,wet,TB_0137,NA,128.1328125,P2,130.26643
60327,1,3,wet,TB_0555,core,121.9765625,P1,117.9257337
60328,1,3,wet,TB_0547,core,80.5,P1,95.38758331
60329,1,3,wet,TB_0050,NA,150.3359375,P2,141.4241778
60330,1,3,wet,TB_0460,core,114.288125,P1,116.1474666
60331,1,3,wet,TB_0315,core,78.21875,P1,101.7877137
60332,1,3,wet,TB_0411,core,115.21875,P1,108.0487055
60333,1,3,wet,TB_0387,NA,118.1015625,P2,134.2171931
60334,1,3,wet,B100,NA,121,P2,127.1698418
60335,1,3,wet,TB_0201,NA,123.2821875,P2,122.0777584
60336,1,3,wet,TB_0206,core,93.3125,P1,102.404226
60337,1,3,wet,TB_0496,core,68.7978125,P1,96.38337687
60338,1,3,wet,TB_0522,NA,120.4140625,P2,122.113506
60341,1,3,wet,TB_0334,core,120.6796875,P1,116.633527
60342,1,3,wet,TB_0512,core,95.125,P1,105.4061572
60343,1,3,wet,TB_0357,NA,136.3984375,P2,128.6367666
60344,1,3,wet,TB_0107,core,110.8984375,P1,99.59694388
60345,1,3,wet,B100,NA,117.7734375,P2,127.1698418
60346,1,3,wet,TB_0488,core,88.3046875,P1,103.2891096
60347,1,3,wet,TB_0031,core,92.71875,P1,102.135921
60348,1,3,wet,TB_0063,NA,106.09375,P2,124.5323663
60349,1,3,wet,B100,NA,122.515625,P2,127.1698418
60350,1,3,wet,TB_0191,NA,105.40625,P2,122.0711385
60351,1,3,wet,TB_0478,NA,106.96875,P2,121.7798624
60352,1,3,wet,TB_0266,NA,146.796875,P2,136.6653952
60353,1,3,wet,TB_0025,NA,178.90625,P2,146.7078008
60354,1,3,wet,TB_0579,core,109.9765625,P1,100.1525955
60355,1,3,wet,TB_0414,NA,145.515625,P2,143.1409925
60356,1,3,wet,TB_0131,NA,89,P1,114.4678166
60358,1,3,wet,TB_0146,NA,98.25,P1,92.46170223
60359,1,3,wet,B100,NA,116.046875,P2,127.1698418
60401,1,4,wet,TB_0581,NA,116.4453125,P2,120.0507416
60402,1,4,wet,B100,NA,136.875,P2,127.1698418
60403,1,4,wet,TB_0255,NA,121.875,P2,127.1867603
60404,1,4,wet,TB_0044,NA,102.4609375,P2,116.7076863
60407,1,4,wet,TB_0469,NA,114.7890625,P2,127.7536152
60408,1,4,wet,TB_0598,core,116.140625,P1,114.2172593
60409,1,4,wet,B100,NA,132.953125,P2,127.1698418
60410,1,4,wet,TB_0462,core,76.203125,P1,96.76430041
60411,1,4,wet,TB_0317,core,108.3125,P1,109.7845666
60412,1,4,wet,TB_0503,core,113.96875,P1,109.1517031
60413,1,4,wet,TB_0355,NA,157.336875,P2,141.071926
60414,1,4,wet,TB_0569,core,125.984375,P1,119.617783
60415,1,4,wet,TB_0316,core,108.71875,P1,107.741662
60416,1,4,wet,TB_0006,NA,139.625,P2,131.3706312
60417,1,4,wet,TB_0226,NA,103.421875,P2,130.4373825
60419,1,4,wet,TB_0130,core,114.1640625,P1,109.3781041
60420,1,4,wet,B100,NA,137.9209375,P2,127.1698418
60421,1,4,wet,TB_0352,core,121.2265625,P1,106.2588018
60422,1,4,wet,TB_0017,core,120.96875,P1,115.0526921
60423,1,4,wet,TB_0054,core,103.3515625,P1,102.4312796
60424,1,4,wet,TB_0015,NA,123.375,P2,121.80899
60425,1,4,wet,TB_0259,core,118.5078125,P1,120.1063325
60426,1,4,wet,TB_0363,core,132.421875,P1,113.0031676
60427,1,4,wet,TB_0480,core,95.71875,P1,105.2275302
60428,1,4,wet,TB_0310,core,127.359375,P1,116.7419346
60429,1,4,wet,TB_0437,NA,157.8046875,P2,149.0328726
60431,1,4,wet,TB_0354,NA,144.46875,P2,144.1776707
60432,1,4,wet,TB_0309,core,123.5,P1,113.5870437
60434,1,4,wet,B100,NA,94.359375,P1,101.5139179
60435,1,4,wet,TB_0444,core,99.171875,P1,100.8384184
60436,1,4,wet,TB_0157,NA,110.3290625,P2,123.5862509
60437,1,4,wet,TB_0159,NA,151.5,P2,133.458869
60438,1,4,wet,TB_0314,core,134.5390625,P1,118.9837544
60439,1,4,wet,TB_0362,core,91.7109375,P1,108.9738257
60440,1,4,wet,TB_0048,NA,156.4375,P2,148.9228231
60441,1,4,wet,TB_0010,NA,153.0625,P2,144.0399765
60442,1,4,wet,TB_0285,core,104.9765625,P1,107.6926746
60443,1,4,wet,TB_0088,NA,144.5703125,P2,145.1640375
60444,1,4,wet,TB_0430,NA,116.9053125,P2,113.902009
60445,1,4,wet,B100,NA,124.4071875,P2,127.1698418
60446,1,4,wet,TB_0433,NA,122.953125,P2,143.6543809
60447,1,4,wet,TB_0335,core,109.0625,P1,115.7755865
60448,1,4,wet,TB_0471,core,101.9609375,P1,100.1433277
60449,1,4,wet,B100,NA,123.868125,P2,127.1698418
60450,1,4,wet,TB_0100,core,123.9921875,P1,110.5511524
60451,1,4,wet,TB_0003,NA,105.5234375,P2,128.0368438
60452,1,4,wet,TB_0423,NA,126.328125,P2,126.0947738
60453,1,4,wet,TB_0267,NA,125.6640625,P2,119.699831
60454,1,4,wet,TB_0047,core,102.3203125,P1,108.4513165
60455,1,4,wet,TB_0296,NA,133.4765625,P2,133.9326405
60456,1,4,wet,TB_0531,NA,134.9296875,P2,135.2897776
60457,1,4,wet,TB_0409,core,92.1171875,P1,105.0397319
60458,1,4,wet,TB_0311,core,76.5,P1,99.30259892
60459,1,4,wet,B100,NA,102.953125,P1,101.5139179
60460,1,4,wet,TB_0239,NA,132.171875,P2,126.2286816
60501,1,5,dry,TB_0135,NA,137.8125,P2,139.2728023
60502,1,5,dry,B100,NA,136.1875,P2,135.4425691
60504,1,5,dry,TB_0500,NA,142.546875,P2,149.6541473
60505,1,5,dry,TB_0353,core,130.46875,P1,123.1506537
60506,1,5,dry,TB_0319,NA,136.1796875,P2,140.0023165
60507,1,5,dry,TB_0513,NA,138.03125,P2,132.6171433
60508,1,5,dry,TB_0128,NA,109.765625,P2,143.8378932
60509,1,5,dry,B100,NA,134.0078125,P2,135.4425691
60510,1,5,dry,TB_0165,core,110.09375,P1,105.5959726
60511,1,5,dry,TB_0544,core,127.9453125,P1,122.2025921
60512,1,5,dry,TB_0161,core,142.65625,P1,127.4694839
60513,1,5,dry,TB_0640,core,103.6953125,P1,111.5962603
60514,1,5,dry,TB_0429,NA,101.96875,P2,122.4992707
60515,1,5,dry,TB_0487,core,158.28125,P1,128.3433122
60516,1,5,dry,TB_0366,core,124.6640625,P1,125.2743213
60518,1,5,dry,B100,NA,102.5859375,P1,109.7866452
60519,1,5,dry,TB_0336,core,102.265625,P1,103.5040806
60520,1,5,dry,B100,NA,150.015625,P2,135.4425691
60521,1,5,dry,TB_0095,core,131.8671875,P1,117.1874375
60522,1,5,dry,TB_0436,NA,133.5390625,P2,143.9067402
60523,1,5,dry,TB_0508,core,116.984375,P1,112.2119121
60524,1,5,dry,TB_0104,core,88.8515625,P1,106.8564038
60525,1,5,dry,TB_0582,core,145.703125,P1,117.0520677
60526,1,5,dry,TB_0154,NA,135.024375,P2,120.9636102
60527,1,5,dry,TB_0096,NA,111.0703125,P2,138.8148633
60528,1,5,dry,TB_0211,NA,122.4071875,P2,126.4408696
60529,1,5,dry,TB_0039,NA,110.203125,P1,116.8102131
60530,1,5,dry,TB_0029,core,109.953125,P1,107.4866193
60531,1,5,dry,TB_0337,NA,114.34375,P2,131.5938641
60532,1,5,dry,TB_0023,NA,152.5,P2,144.6137468
60533,1,5,dry,TB_0418,NA,150.225625,P2,142.9293719
60534,1,5,dry,B100,NA,105.1484375,P1,109.7866452
60535,1,5,dry,TB_0509,core,94,P1,104.7420041
60536,1,5,dry,TB_0594,core,111.40625,P1,114.6414196
60537,1,5,dry,TB_0125,core,116.875,P1,122.9864799
60538,1,5,dry,TB_0611,core,127.7109375,P1,124.6321899
60539,1,5,dry,TB_0101,core,134.5625,P1,125.4874824
60540,1,5,dry,TB_0477,core,119.4453125,P1,118.2611871
60541,1,5,dry,TB_0428,NA,134.2421875,P2,133.3400377
60542,1,5,dry,TB_0467,NA,101.703125,P1,116.9306955
60543,1,5,dry,TB_0549,core,108.7421875,P1,121.4956759
60544,1,5,dry,TB_0590,NA,176.4921875,P2,146.1204386
60545,1,5,dry,B100,NA,137.5303125,P2,135.4425691
60546,1,5,dry,TB_0407,core,112.6796875,P1,108.6186242
60547,1,5,dry,TB_0109,core,111.421875,P1,120.4947452
60548,1,5,dry,TB_0605,core,119.109375,P1,112.3985936
60549,1,5,dry,B100,NA,133.2734375,P2,135.4425691
60550,1,5,dry,TB_0068,NA,157.225625,P2,143.8642139
60551,1,5,dry,TB_0127,core,99.4375,P1,123.8311806
60552,1,5,dry,TB_0281,core,116.734375,P1,117.3198357
60553,1,5,dry,TB_0497,NA,187.7490625,P2,153.4564655
60554,1,5,dry,TB_0475,core,109.125,P1,113.8245225
60555,1,5,dry,TB_0558,core,117.7421875,P1,119.3759802
60556,1,5,dry,TB_0386,core,103.359375,P1,115.5668832
60557,1,5,dry,TB_0126,NA,135.1640625,P2,136.4566367
60558,1,5,dry,TB_0347,core,147.8359375,P1,131.575153
60559,1,5,dry,B100,NA,134.6484375,P2,135.4425691
60601,1,6,dry,TB_0411,core,128.4453125,P1,116.3214327
60602,1,6,dry,TB_0297,core,100.03125,P1,107.1529758
60603,1,6,dry,TB_0343,NA,75.5,P1,89.00188857
60604,1,6,dry,B100,NA,147.5390625,P2,135.4425691
60605,1,6,dry,TB_0530,NA,146.4921875,P2,145.2624981
60606,1,6,dry,TB_0559,core,115.15625,P1,132.7932167
60607,1,6,dry,TB_0339,core,143.28125,P1,119.4487992
60608,1,6,dry,TB_0597,NA,158.2578125,P2,150.9648345
60609,1,6,dry,B100,NA,162.71875,P2,135.4425691
60610,1,6,dry,TB_0122,core,102.8125,P1,121.5234795
60611,1,6,dry,TB_0381,core,104.53125,P1,108.6173002
60612,1,6,dry,TB_0124,core,135.171875,P1,124.4935175
60614,1,6,dry,TB_0447,core,108.75,P1,118.4478686
60615,1,6,dry,TB_0446,NA,163.6328125,P2,144.7567369
60616,1,6,dry,TB_0529,NA,149.1640625,P2,142.0942085
60617,1,6,dry,TB_0492,core,106.90625,P1,116.4896988
60618,1,6,dry,B100,NA,86.25,P1,109.7866452
60619,1,6,dry,TB_0156,NA,132.1875,P2,130.4895038
60620,1,6,dry,B100,NA,144.3359375,P2,135.4425691
60621,1,6,dry,TB_0382,core,93.734375,P1,101.2943542
60622,1,6,dry,TB_0551,core,112.09375,P1,114.75793
60623,1,6,dry,TB_0501,NA,158.578125,P2,142.21879
60624,1,6,dry,TB_0274,core,113.5703125,P1,109.07937
60625,1,6,dry,TB_0486,NA,117.6553125,P2,139.9067204
60626,1,6,dry,TB_0550,core,127.9296875,P1,119.9360247
60627,1,6,dry,TB_0341,NA,117.609375,P2,143.8246533
60628,1,6,dry,TB_0260,core,165.234375,P1,128.2585773
60629,1,6,dry,TB_0344,NA,136.9921875,P2,129.7891172
60630,1,6,dry,TB_0167,core,111.2578125,P1,111.6756993
60631,1,6,dry,TB_0169,core,86.6796875,P1,114.7433662
60632,1,6,dry,TB_0208,core,109.75,P1,113.2395421
60633,1,6,dry,TB_0560,NA,149.4375,P2,152.6794468
60634,1,6,dry,B100,NA,106.2734375,P1,109.7866452
60635,1,6,dry,TB_0037,core,83.75,P1,106.2169203
60636,1,6,dry,TB_0434,core,115.90625,P1,113.3333251
60637,1,6,dry,TB_0402,core,98.7890625,P1,109.7136681
60639,1,6,dry,TB_0346,NA,104.984375,P2,123.806845
60640,1,6,dry,TB_0420,core,99.1484375,P1,113.9052335
60641,1,6,dry,TB_0612,core,114.890625,P1,115.3340212
60642,1,6,dry,TB_0476,core,118.390625,P1,113.7305198
60643,1,6,dry,TB_0368,core,100.25,P1,115.6132226
60644,1,6,dry,TB_0424,NA,148.953125,P2,132.0292952
60645,1,6,dry,B100,NA,121.8584375,P2,135.4425691
60646,1,6,dry,TB_0641,NA,139.46875,P2,145.0109415
60647,1,6,dry,TB_0056,NA,131.1328125,P2,141.396311
60648,1,6,dry,TB_0340,NA,154.0703125,P2,146.9836772
60649,1,6,dry,B100,NA,140.3203125,P2,135.4425691
60650,1,6,dry,TB_0046,NA,131.7578125,P2,124.4903489
60651,1,6,dry,TB_0348,NA,125.8125,P2,141.7076057
60652,1,6,dry,TB_0148,NA,108.09375,P2,125.0480402
60653,1,6,dry,TB_0103,core,106.5,P1,116.2288743
60655,1,6,dry,TB_0554,core,108.515625,P1,114.609644
60656,1,6,dry,TB_0527,core,98.65625,P1,105.8316415
60657,1,6,dry,TB_0278,core,99.1484375,P1,108.585495
60658,1,6,dry,TB_0439,NA,142.1796875,P2,139.8498966
60659,1,6,dry,B100,NA,148.734375,P2,135.4425691
60660,1,6,dry,TB_0401,core,134.890625,P1,121.0428739
60701,1,7,dry,TB_0204,core,132.421875,P1,134.338304
60702,1,7,dry,B100,NA,128.0078125,P2,135.4425691
60703,1,7,dry,TB_0258,core,122.1328125,P1,104.3064139
60704,1,7,dry,TB_0282,core,126.9375,P1,125.517934
60705,1,7,dry,TB_0577,core,99.484375,P1,108.8768007
60706,1,7,dry,TB_0358,core,95.90625,P1,109.009199
60707,1,7,dry,TB_0534,core,140.234375,P1,131.4851222
60708,1,7,dry,TB_0384,core,97.2578125,P1,106.5134924
60709,1,7,dry,B100,NA,143.75,P2,135.4425691
60710,1,7,dry,A10,NA,123.3984375,P2,126.8710602
60711,1,7,dry,TB_0610,core,113.703125,P1,113.1360517
60712,1,7,dry,TB_0064,NA,121.3984375,P2,139.3109439
60713,1,7,dry,TB_0493,NA,165.734375,P2,144.1874245
60714,1,7,dry,TB_0265,core,104.2734375,P1,110.8521823
60716,1,7,dry,TB_0256,core,85.6328125,P1,108.4166064
60717,1,7,dry,TB_0495,NA,148.4140625,P2,146.7678659
60718,1,7,dry,B100,NA,95.2734375,P1,109.7866452
60719,1,7,dry,TB_0155,NA,110.7490625,P2,124.0589219
60720,1,7,dry,B100,NA,138.53125,P2,135.4425691
60721,1,7,dry,TB_0342,NA,116.6875,P2,129.4289387
60722,1,7,dry,TB_0456,core,117.359375,P1,122.8462967
60723,1,7,dry,TB_0540,core,120.1484375,P1,120.0101677
60724,1,7,dry,TB_0606,core,98.015625,P1,132.6502266
60725,1,7,dry,TB_0034,core,98.3359375,P1,111.8372251
60726,1,7,dry,TB_0137,NA,149.5625,P2,138.5391572
60727,1,7,dry,TB_0555,core,102.125,P1,126.1984609
60728,1,7,dry,TB_0547,core,112.109375,P1,103.6603106
60729,1,7,dry,TB_0050,NA,155.859375,P2,149.696905
60730,1,7,dry,TB_0460,core,129.140625,P1,124.4201938
60731,1,7,dry,TB_0315,core,128.390625,P1,110.0604409
60732,1,7,dry,TB_0441,core,152.65625,P1,141.7931347
60733,1,7,dry,TB_0387,NA,176.4053125,P2,142.4899203
60734,1,7,dry,B100,NA,137.9609375,P2,135.4425691
60735,1,7,dry,TB_0201,NA,119.038125,P2,130.3504857
60736,1,7,dry,TB_0206,core,129.3125,P1,110.6769533
60737,1,7,dry,TB_0496,core,120.0234375,P1,104.6561041
60738,1,7,dry,TB_0522,NA,137.921875,P2,130.3862332
60739,1,7,dry,TB_0129,NA,130.5859375,P2,143.9275177
60740,1,7,dry,TB_0294,NA,178.6015625,P2,153.836889
60741,1,7,dry,TB_0334,core,144.7109375,P1,124.9062542
60742,1,7,dry,TB_0512,core,115.4140625,P1,113.6788845
60743,1,7,dry,TB_0357,NA,143.1953125,P2,136.9094939
60745,1,7,dry,B100,NA,133.30375,P2,135.4425691
60746,1,7,dry,TB_0488,core,113.1953125,P1,111.5618368
60747,1,7,dry,TB_0031,core,124.375,P1,110.4086482
60748,1,7,dry,TB_0063,NA,104.25,P1,107.1491697
60749,1,7,dry,B100,NA,154.0790625,P2,135.4425691
60750,1,7,dry,TB_0191,NA,130.859375,P2,130.3438658
60751,1,7,dry,TB_0478,NA,112.9453125,P2,130.0525897
60752,1,7,dry,TB_0266,NA,147.4375,P2,144.9381224
60753,1,7,dry,TB_0025,NA,145.984375,P2,154.980528
60754,1,7,dry,TB_0579,core,96.1953125,P1,108.4253228
60755,1,7,dry,TB_0414,NA,151.9765625,P2,151.4137198
60756,1,7,dry,TB_0131,NA,149.9140625,P2,148.3964678
60757,1,7,dry,TB_0465,NA,123.6796875,P2,132.4945304
60759,1,7,dry,B100,NA,135.75,P2,135.4425691
60760,1,7,dry,TB_0564,NA,112.25,P1,128.6208814
60801,1,8,dry,TB_0581,NA,120.96875,P2,128.3234688
60802,1,8,dry,B100,NA,146.7490625,P2,135.4425691
60803,1,8,dry,TB_0255,NA,140.5390625,P2,135.4594876
60804,1,8,dry,TB_0044,NA,110.4140625,P2,124.9804135
60805,1,8,dry,TB_0417,NA,136.34375,P2,137.8811243
60807,1,8,dry,TB_0469,NA,135.6328125,P2,136.0263424
60808,1,8,dry,TB_0598,core,105.8515625,P1,122.4899865
60809,1,8,dry,B100,NA,103.5234375,P2,135.4425691
60810,1,8,dry,TB_0462,core,105.40625,P1,105.0370276
60811,1,8,dry,TB_0317,core,116.5625,P1,118.0572939
60812,1,8,dry,TB_0503,core,108.6796875,P1,117.4244303
60813,1,8,dry,TB_0355,NA,132.274375,P2,149.3446532
60814,1,8,dry,TB_0569,core,145.6953125,P1,127.8905103
60815,1,8,dry,TB_0316,core,116.7265625,P1,116.0143892
60816,1,8,dry,TB_0006,NA,143.6553125,P2,139.6433584
60817,1,8,dry,TB_0226,NA,162.3828125,P2,138.7101098
60818,1,8,dry,B100,NA,99.0625,P1,109.7866452
60819,1,8,dry,TB_0130,core,129.4296875,P1,117.6508313
60820,1,8,dry,B100,NA,130.3984375,P2,135.4425691
60821,1,8,dry,TB_0352,core,111.515625,P1,114.5315291
60822,1,8,dry,TB_0017,core,117.046875,P1,123.3254194
60823,1,8,dry,TB_0054,core,114.2734375,P1,110.7040068
60824,1,8,dry,TB_0015,NA,126.15625,P2,130.0817173
60825,1,8,dry,TB_0259,core,122.5,P1,128.3790597
60826,1,8,dry,TB_0363,core,141.78125,P1,121.2758948
60827,1,8,dry,TB_0480,core,110.4921875,P1,113.5002574
60828,1,8,dry,TB_0310,core,124.3896875,P1,125.0146619
60829,1,8,dry,TB_0437,NA,171.09375,P2,157.3055998
60830,1,8,dry,TB_0593,core,77.5,P1,109.4878691
60831,1,8,dry,TB_0354,NA,175.203125,P2,152.4503979
60832,1,8,dry,TB_0309,core,100.6796875,P1,121.859771
60833,1,8,dry,TB_0097,core,143.546875,P1,122.481211
60834,1,8,dry,B100,NA,89.125,P1,109.7866452
60835,1,8,dry,TB_0444,core,97.6796875,P1,109.1111456
60836,1,8,dry,TB_0157,NA,142.3915625,P2,131.8589781
60837,1,8,dry,TB_0159,NA,152.4765625,P2,141.7315962
60838,1,8,dry,TB_0314,core,120.359375,P1,127.2564816
60839,1,8,dry,TB_0362,core,107.078125,P1,117.2465529
60840,1,8,dry,TB_0048,NA,189.1796875,P2,157.1955504
60841,1,8,dry,TB_0010,NA,169.2890625,P2,152.3127037
60842,1,8,dry,TB_0285,core,120.5546875,P1,115.9654019
60843,1,8,dry,TB_0088,NA,184.4453125,P2,153.4367647
60844,1,8,dry,TB_0430,NA,95.03125,P2,122.1747362
60845,1,8,dry,B100,NA,150.875,P2,135.4425691
60846,1,8,dry,TB_0433,NA,161.625,P2,151.9271081
60847,1,8,dry,TB_0335,core,109.1171875,P1,124.0483137
60848,1,8,dry,TB_0471,core,99.1328125,P1,108.4160549
60849,1,8,dry,B100,NA,138.203125,P2,135.4425691
60850,1,8,dry,TB_0100,core,111.2890625,P1,118.8238796
60851,1,8,dry,TB_0003,NA,146.9521875,P2,136.309571
60853,1,8,dry,TB_0267,NA,110.453125,P2,127.9725582
60854,1,8,dry,TB_0047,core,107.734375,P1,116.7240437
60855,1,8,dry,TB_0296,NA,163.953125,P2,142.2053677
60856,1,8,dry,TB_0531,NA,170.3125,P2,143.5625048
60857,1,8,dry,TB_0409,core,109.75,P1,113.3124591
60858,1,8,dry,TB_0311,core,104.25,P1,107.5753262
60859,1,8,dry,B100,NA,117.984375,P2,135.4425691
60901,2,9,dry,TB_0423,NA,114.7109375,P2,134.367501
60902,2,9,dry,B100,NA,113.296875,P1,109.7866452
60903,2,9,dry,TB_0037,core,94.5234375,P1,106.2169203
60904,2,9,dry,TB_0097,core,115.4921875,P1,122.481211
60905,2,9,dry,TB_0500,NA,151.5703125,P2,149.6541473
60906,2,9,dry,TB_0063,NA,137.4296875,P2,132.8050936
60907,2,9,dry,TB_0476,core,122.890625,P1,113.7305198
60908,2,9,dry,TB_0428,NA,123.2890625,P2,133.3400377
60909,2,9,dry,B100,NA,129.9609375,P2,135.4425691
60910,2,9,dry,TB_0512,core,119.78125,P1,113.6788845
60911,2,9,dry,TB_0368,core,117.3046875,P1,115.6132226
60912,2,9,dry,TB_0496,core,91.9765625,P1,104.6561041
60913,2,9,dry,TB_0477,core,103.578125,P1,118.2611871
60914,2,9,dry,TB_0355,NA,151.4140625,P2,149.3446532
60915,2,9,dry,TB_0439,NA,123.7890625,P2,139.8498966
60916,2,9,dry,TB_0549,core,121.28125,P1,121.4956759
60917,2,9,dry,TB_0554,core,107.8046875,P1,114.609644
60918,2,9,dry,B100,NA,133.640625,P1,109.7866452
60920,2,9,dry,B100,NA,148.5,P2,135.4425691
60921,2,9,dry,TB_0122,core,141.84375,P1,121.5234795
60922,2,9,dry,TB_0495,NA,139.1015625,P2,146.7678659
60923,2,9,dry,TB_0100,core,116.65625,P1,118.8238796
60924,2,9,dry,TB_0577,core,108.59375,P1,108.8768007
60925,2,9,dry,TB_0205,NA,101.90625,P2,127.3468758
60926,2,9,dry,TB_0497,NA,151.328125,P2,153.4564655
60927,2,9,dry,TB_0593,core,115.125,P1,109.4878691
60928,2,9,dry,TB_0508,core,94.5625,P1,112.2119121
60929,2,9,dry,TB_0342,NA,128.296875,P2,129.4289387
60930,2,9,dry,TB_0204,core,164.0625,P1,134.338304
60931,2,9,dry,TB_0522,NA,110.8046875,P2,130.3862332
60932,2,9,dry,TB_0317,core,119.4453125,P1,118.0572939
60933,2,9,dry,TB_0088,NA,162.796875,P2,153.4367647
60934,2,9,dry,B100,NA,150.140625,P2,135.4425691
60935,2,9,dry,TB_0064,NA,117.9375,P1,113.65502
60936,2,9,dry,TB_0154,NA,100.1015625,P2,120.9636102
60937,2,9,dry,TB_0465,NA,133.953125,P2,132.4945304
60938,2,9,dry,TB_0434,core,112.5234375,P1,113.3333251
60939,2,9,dry,TB_0315,core,91.890625,P1,110.0604409
60941,2,9,dry,TB_0096,NA,138.953125,P2,138.8148633
60942,2,9,dry,TB_0239,NA,130.78125,P2,134.5014089
60943,2,9,dry,TB_0128,NA,158.8515625,P2,143.8378932
60944,2,9,dry,TB_0010,NA,156.03125,P2,152.3127037
60945,2,9,dry,B100,NA,136.5,P2,135.4425691
60946,2,9,dry,TB_0429,NA,129.0390625,P2,122.4992707
60947,2,9,dry,TB_0501,NA,125.84375,P2,142.21879
60948,2,9,dry,TB_0314,core,134.586875,P1,127.2564816
60949,2,9,dry,B100,NA,80.5625,P1,109.7866452
60950,2,9,dry,TB_0401,core,121.1875,P1,121.0428739
60951,2,9,dry,TB_0311,core,121.6328125,P1,107.5753262
60952,2,9,dry,TB_0462,core,106.1484375,P1,105.0370276
60953,2,9,dry,TB_0124,core,123,P1,124.4935175
60954,2,9,dry,TB_0256,core,119.1484375,P1,108.4166064
60956,2,9,dry,TB_0146,NA,105.1484375,P2,126.3903534
60957,2,9,dry,TB_0109,core,119.625,P1,120.4947452
60958,2,9,dry,TB_0155,NA,108.1953125,P2,124.0589219
60959,2,9,dry,B100,NA,129.4375,P2,135.4425691
60960,2,9,dry,TB_0044,NA,132.0390625,P2,124.9804135
61001,2,10,dry,TB_0101,core,105.859375,P1,125.4874824
61002,2,10,dry,B100,NA,125.1875,P2,135.4425691
61004,2,10,dry,TB_0259,core,150.78125,P1,128.3790597
61005,2,10,dry,TB_0581,NA,103.6328125,P2,128.3234688
61006,2,10,dry,TB_0582,core,104.6875,P1,117.0520677
61007,2,10,dry,TB_0348,NA,150.953125,P2,141.7076057
61008,2,10,dry,TB_0357,NA,100.3046875,P2,136.9094939
61009,2,10,dry,B100,NA,130.5703125,P2,135.4425691
61010,2,10,dry,TB_0169,core,132.8125,P1,114.7433662
61011,2,10,dry,TB_0340,NA,149.3359375,P2,146.9836772
61013,2,10,dry,TB_0418,NA,157.0625,P2,142.9293719
61014,2,10,dry,TB_0469,NA,114,P1,110.3704185
61015,2,10,dry,TB_0023,NA,157.0546875,P2,144.6137468
61016,2,10,dry,TB_0530,NA,136.0859375,P2,145.2624981
61017,2,10,dry,TB_0226,NA,150.0703125,P2,138.7101098
61018,2,10,dry,B100,NA,128.640625,P1,109.7866452
61019,2,10,dry,TB_0366,core,123.828125,P1,125.2743213
61020,2,10,dry,B100,NA,186.8984375,P2,135.4425691
61021,2,10,dry,TB_0039,NA,149.1796875,P2,142.466137
61022,2,10,dry,TB_0559,core,164.84375,P1,132.7932167
61023,2,10,dry,TB_0017,core,109.890625,P1,123.3254194
61024,2,10,dry,TB_0460,core,128.90625,P1,124.4201938
61025,2,10,dry,TB_0412,core,120.8046875,P2,136.1822307
61026,2,10,dry,TB_0282,core,125.78125,P1,125.517934
61028,2,10,dry,TB_0606,core,155.46875,P1,132.6502266
61029,2,10,dry,TB_0441,core,169.53125,P1,141.7931347
61030,2,10,dry,TB_0433,NA,184.2109375,P2,151.9271081
61031,2,10,dry,TB_0296,NA,136.2421875,P2,142.2053677
61032,2,10,dry,TB_0050,NA,151.6640625,P2,149.696905
61033,2,10,dry,TB_0127,core,136.71875,P1,123.8311806
61034,2,10,dry,B100,NA,116.40625,P1,109.7866452
61035,2,10,dry,TB_0191,NA,119.75,P2,130.3438658
61036,2,10,dry,TB_0558,core,117.1875,P1,119.3759802
61037,2,10,dry,TB_0339,core,123.046875,P1,119.4487992
61038,2,10,dry,TB_0156,NA,126.3671875,P2,130.4895038
61039,2,10,dry,TB_0068,NA,121.296875,P2,143.8642139
61040,2,10,dry,TB_0409,core,135.15625,P1,113.3124591
61041,2,10,dry,TB_0579,core,105.078125,P1,108.4253228
61042,2,10,dry,TB_0467,NA,154.8046875,P2,142.5866194
61043,2,10,dry,TB_0610,core,129.265625,P1,113.1360517
61044,2,10,dry,TB_0527,core,96.9296875,P1,105.8316415
61045,2,10,dry,B100,NA,149.5703125,P2,135.4425691
61046,2,10,dry,TB_0125,core,136.9140625,P1,122.9864799
61047,2,10,dry,TB_0354,NA,159.484375,P2,152.4503979
61048,2,10,dry,TB_0015,NA,130.7109375,P2,130.0817173
61049,2,10,dry,B100,NA,130.390625,P2,135.4425691
61050,2,10,dry,TB_0407,core,98.109375,P1,108.6186242
61051,2,10,dry,TB_0478,NA,125.7734375,P2,130.0525897
61053,2,10,dry,TB_0103,core,125.3203125,P1,116.2288743
61054,2,10,dry,TB_0611,core,133.875,P1,124.6321899
61055,2,10,dry,TB_0266,NA,137.890625,P2,144.9381224
61056,2,10,dry,TB_0344,NA,130.28125,P2,129.7891172
61057,2,10,dry,TB_0130,core,101.5859375,P1,117.6508313
61058,2,10,dry,TB_0430,NA,123.4921875,P2,122.1747362
61059,2,10,dry,B100,NA,145.1484375,P2,135.4425691
61060,2,10,dry,TB_0594,core,126.4609375,P1,114.6414196
61101,2,11,dry,TB_0503,core,119.8984375,P1,117.4244303
61102,2,11,dry,B100,NA,152.359375,P2,135.4425691
61103,2,11,dry,TB_0285,core,128.5390625,P1,115.9654019
61104,2,11,dry,TB_0056,NA,139.5146875,P2,141.396311
61105,2,11,dry,TB_0540,core,118.2890625,P1,120.0101677
61106,2,11,dry,TB_0034,core,120.140625,P1,111.8372251
61107,2,11,dry,TB_0605,core,121.03125,P1,112.3985936
61108,2,11,dry,TB_0551,core,124.6953125,P1,114.75793
61109,2,11,dry,B100,NA,137.0703125,P2,135.4425691
61110,2,11,dry,TB_0137,NA,120.881875,P2,138.5391572
61111,2,11,dry,TB_0254,core,86.40625,P1,106.9772342
61112,2,11,dry,TB_0167,core,104.6875,P1,111.6756993
61113,2,11,dry,TB_0165,core,101.9453125,P1,105.5959726
61114,2,11,dry,TB_0420,core,138.96875,P1,113.9052335
61115,2,11,dry,TB_0358,core,118.453125,P1,109.009199
61116,2,11,dry,TB_0444,core,107.3515625,P1,109.1111456
61117,2,11,dry,TB_0265,core,112.6171875,P1,110.8521823
61118,2,11,dry,B100,NA,121.796875,P1,109.7866452
61119,2,11,dry,TB_0343,NA,87.9540625,P2,114.6578125
61120,2,11,dry,B100,NA,145.109375,P2,135.4425691
61121,2,11,dry,TB_0447,core,132.71875,P1,118.4478686
61122,2,11,dry,TB_0488,core,113.5390625,P1,111.5618368
61123,2,11,dry,TB_0352,core,120.8046875,P1,114.5315291
61124,2,11,dry,TB_0424,NA,102.515625,P2,132.0292952
61125,2,11,dry,TB_0211,NA,108.0859375,P2,126.4408696
61126,2,11,dry,TB_0436,NA,146.6328125,P2,143.9067402
61127,2,11,dry,TB_0046,NA,104.109375,P2,124.4903489
61128,2,11,dry,TB_0417,NA,134.0009375,P2,137.8811243
61129,2,11,dry,TB_0316,core,107.265625,P1,116.0143892
61130,2,11,dry,TB_0260,core,115.7890625,P1,128.2585773
61131,2,11,dry,TB_0258,core,87.5234375,P1,104.3064139
61132,2,11,dry,TB_0598,core,102.234375,P1,122.4899865
61133,2,11,dry,TB_0161,core,129.640625,P1,127.4694839
61134,2,11,dry,B100,NA,84.890625,P1,109.7866452
61135,2,11,dry,TB_0387,NA,132.3515625,P2,142.4899203
61136,2,11,dry,TB_0456,core,135.3515625,P1,122.8462967
61137,2,11,dry,TB_0384,core,107.3046875,P1,106.5134924
61138,2,11,dry,TB_0269,core,134.9921875,P1,121.941468
61139,2,11,dry,TB_0267,NA,107.3203125,P2,127.9725582
61140,2,11,dry,TB_0148,NA,107.8525,P2,125.0480402
61141,2,11,dry,TB_0597,NA,153.03125,P2,150.9648345
61142,2,11,dry,TB_0555,core,150.1796875,P1,126.1984609
61143,2,11,dry,TB_0129,NA,157.9609375,P2,143.9275177
61144,2,11,dry,TB_0310,core,130.0625,P1,125.0146619
61145,2,11,dry,B100,NA,144.0234375,P2,135.4425691
61146,2,11,dry,TB_0493,NA,148.203125,P2,144.1874245
61147,2,11,dry,TB_0048,NA,141.6796875,P2,157.1955504
61148,2,11,dry,TB_0547,core,96.6953125,P1,103.6603106
61149,2,11,dry,B100,NA,162.875,P2,135.4425691
61150,2,11,dry,TB_0335,core,124.2265625,P1,124.0483137
61151,2,11,dry,TB_0531,NA,130.609375,P2,143.5625048
61152,2,11,dry,TB_0157,NA,128.1025,P2,131.8589781
61153,2,11,dry,TB_0446,NA,165.54,P2,144.7567369
61154,2,11,dry,TB_0590,NA,119.8046875,P2,146.1204386
61156,2,11,dry,TB_0341,NA,166.859375,P2,143.8246533
61157,2,11,dry,TB_0047,core,136.71875,P1,116.7240437
61158,2,11,dry,TB_0475,core,115.53125,P1,113.8245225
61159,2,11,dry,B100,NA,141.625,P2,135.4425691
61160,2,11,dry,TB_0095,core,110.0703125,P1,117.1874375
61201,2,12,dry,TB_0437,NA,178.21875,P2,157.3055998
61202,2,12,dry,B100,NA,148.7890625,P2,135.4425691
61203,2,12,dry,TB_0564,NA,166.609375,P2,154.2768053
61204,2,12,dry,TB_0513,NA,124.3515625,P2,132.6171433
61205,2,12,dry,TB_0550,core,133.6171875,P1,119.9360247
61206,2,12,dry,TB_0029,core,94.4453125,P1,107.4866193
61207,2,12,dry,TB_0131,NA,160.8125,P2,148.3964678
61208,2,12,dry,TB_0362,core,148.8046875,P1,117.2465529
61209,2,12,dry,B100,NA,111.3359375,P2,135.4425691
61210,2,12,dry,TB_0336,core,107.4765625,P1,103.5040806
61211,2,12,dry,TB_0309,core,113.2421875,P1,121.859771
61212,2,12,dry,TB_0640,core,119.28125,P1,111.5962603
61213,2,12,dry,TB_0274,core,105.1171875,P1,109.07937
61214,2,12,dry,TB_0346,NA,121.680625,P2,123.806845
61215,2,12,dry,TB_0319,NA,137.4296875,P2,140.0023165
61216,2,12,dry,TB_0480,core,136.9921875,P2,139.1561813
61217,2,12,dry,TB_0031,core,91.640625,P1,110.4086482
61218,2,12,dry,B100,NA,83.9678125,P1,109.7866452
61219,2,12,dry,TB_0641,NA,145.1796875,P2,145.0109415
61220,2,12,dry,B100,NA,127.7490625,P2,135.4425691
61221,2,12,dry,TB_0560,NA,193.84375,P2,152.6794468
61222,2,12,dry,TB_0107,core,91.5390625,P1,107.8696711
61223,2,12,dry,TB_0471,core,110.53125,P1,108.4160549
61224,2,12,dry,TB_0275,core,150.484375,P1,138.6094904
61225,2,12,dry,TB_0281,core,112.421875,P1,117.3198357
61226,2,12,dry,TB_0054,core,133.8203125,P2,136.3599307
61227,2,12,dry,TB_0334,core,144.1953125,P1,124.9062542
61228,2,12,dry,TB_0402,core,134.8203125,P2,135.369592
61229,2,12,dry,TB_0363,core,106.421875,P1,121.2758948
61230,2,12,dry,TB_0486,NA,119.3515625,P1,114.2507965
61231,2,12,dry,TB_0135,NA,127.5078125,P2,139.2728023
61232,2,12,dry,TB_0228,NA,119.484375,P2,133.4067128
61233,2,12,dry,TB_0382,core,87.3203125,P1,101.2943542
61234,2,12,dry,B100,NA,95.6640625,P1,109.7866452
61235,2,12,dry,TB_0509,core,109.921875,P1,104.7420041
61236,2,12,dry,TB_0006,NA,126.7421875,P2,139.6433584
61237,2,12,dry,TB_0529,NA,144.546875,P2,142.0942085
61238,2,12,dry,TB_0347,core,163.6328125,P1,131.575153
61239,2,12,dry,TB_0025,NA,130.8828125,P2,154.980528
61240,2,12,dry,TB_0414,NA,170.671875,P2,151.4137198
61241,2,12,dry,TB_0492,core,122.1640625,P1,116.4896988
61242,2,12,dry,TB_0104,core,134.5859375,P1,106.8564038
61243,2,12,dry,TB_0201,NA,119.46875,P2,130.3504857
61244,2,12,dry,TB_0534,core,128.0859375,P1,131.4851222
61245,2,12,dry,B100,NA,147.21875,P2,135.4425691
61246,2,12,dry,TB_0569,core,134.6796875,P1,127.8905103
61247,2,12,dry,TB_0003,NA,133.1171875,P2,136.309571
61248,2,12,dry,TB_0612,core,103.390625,P1,115.3340212
61249,2,12,dry,B100,NA,177.625,P2,135.4425691
61250,2,12,dry,TB_0297,core,102.9921875,P1,107.1529758
61251,2,12,dry,TB_0159,NA,121.7421875,P2,141.7315962
61252,2,12,dry,TB_0126,NA,133.5859375,P2,136.4566367
61253,2,12,dry,TB_0381,core,107.4609375,P1,108.6173002
61254,2,12,dry,A10,NA,124.8125,P2,126.8710602
61255,2,12,dry,TB_0487,core,126.7109375,P1,128.3433122
61256,2,12,dry,TB_0261,NA,96.828125,P1,103.4715029
61257,2,12,dry,TB_0294,NA,155.765625,P2,153.836889
61258,2,12,dry,TB_0353,core,107.796875,P1,123.1506537
61259,2,12,dry,B100,NA,146.4453125,P2,135.4425691
61260,2,12,dry,TB_0386,core,120.09375,P1,115.5668832
61301,2,13,wet,TB_0423,NA,133.421875,P2,126.0947738
61302,2,13,wet,B100,NA,127.3203125,P2,127.1698418
61303,2,13,wet,TB_0037,core,112.109375,P1,97.9441931
61305,2,13,wet,TB_0500,NA,133.046875,P2,141.3814201
61306,2,13,wet,TB_0063,NA,126.1796875,P2,124.5323663
61307,2,13,wet,TB_0428,NA,116.6015625,P2,125.0673104
61308,2,13,wet,B100,NA,134.8828125,P2,127.1698418
61309,2,13,wet,TB_0476,core,86.25,P1,105.4577925
61310,2,13,wet,TB_0512,core,105.1953125,P1,105.4061572
61311,2,13,wet,TB_0368,core,119.9375,P1,107.3404953
61312,2,13,wet,TB_0496,core,101.4765625,P1,96.38337687
61313,2,13,wet,TB_0477,core,113.8671875,P1,109.9884599
61314,2,13,wet,TB_0355,NA,156.1796875,P2,141.071926
61315,2,13,wet,TB_0439,NA,143.6328125,P2,131.5771693
61316,2,13,wet,TB_0549,core,128.6484375,P1,113.2229486
61317,2,13,wet,TB_0554,core,128.5703125,P1,106.3369168
61318,2,13,wet,B100,NA,114.0234375,P2,127.1698418
61319,2,13,wet,TB_0212,core,136.71875,P1,117.1158699
61320,2,13,wet,B100,NA,128.84375,P2,127.1698418
61321,2,13,wet,TB_0122,core,133.28125,P1,113.2507522
61322,2,13,wet,TB_0495,NA,176.171875,P2,138.4951387
61323,2,13,wet,TB_0100,core,113.9375,P1,110.5511524
61324,2,13,wet,TB_0577,core,88.921875,P1,100.6040735
61326,2,13,wet,TB_0497,NA,142.46875,P2,145.1837383
61327,2,13,wet,TB_0593,core,116.9453125,P1,101.2151418
61328,2,13,wet,TB_0508,core,111.1640625,P1,103.9391849
61329,2,13,wet,TB_0342,NA,83.75,P1,95.5002876
61330,2,13,wet,TB_0204,core,132.8125,P1,126.0655767
61331,2,13,wet,TB_0522,NA,116.1953125,P2,122.113506
61332,2,13,wet,TB_0317,core,117.03125,P1,109.7845666
61333,2,13,wet,TB_0088,NA,129.5390625,P2,145.1640375
61334,2,13,wet,B100,NA,140.90625,P2,127.1698418
61335,2,13,wet,TB_0064,NA,116.3125,P1,105.3822927
61336,2,13,wet,TB_0154,NA,107.625,P2,112.6908829
61337,2,13,wet,TB_0465,NA,115.921875,P2,124.2218032
61338,2,13,wet,TB_0434,core,110.2109375,P1,105.0605979
61339,2,13,wet,TB_0315,core,115.6640625,P1,101.7877137
61340,2,13,wet,TB_0206,core,84.5,P1,102.404226
61341,2,13,wet,TB_0096,NA,116.4140625,P2,130.542136
61342,2,13,wet,TB_0239,NA,112.1640625,P2,126.2286816
61343,2,13,wet,TB_0128,NA,157.6875,P2,135.5651659
61344,2,13,wet,TB_0010,NA,136.3359375,P2,144.0399765
61345,2,13,wet,B100,NA,138.3359375,P2,127.1698418
61346,2,13,wet,TB_0429,NA,105.5703125,P2,114.2265435
61347,2,13,wet,TB_0501,NA,136.7890625,P2,133.9460627
61348,2,13,wet,TB_0314,core,126.1484375,P1,118.9837544
61349,2,13,wet,B100,NA,140.5390625,P2,127.1698418
61350,2,13,wet,TB_0401,core,113.6171875,P1,112.7701467
61351,2,13,wet,TB_0311,core,97.1171875,P1,99.30259892
61356,2,13,wet,TB_0146,NA,106.3125,P2,118.1176261
61357,2,13,wet,TB_0109,core,118.9921875,P1,112.222018
61358,2,13,wet,TB_0155,NA,136.3984375,P2,115.7861946
61359,2,13,wet,B100,NA,137.125,P2,127.1698418
61360,2,13,wet,TB_0044,NA,108.5234375,P2,116.7076863
61401,2,14,wet,TB_0101,core,149.484375,P1,117.2147552
61402,2,14,wet,B100,NA,130.94625,P2,127.1698418
61403,2,14,wet,TB_0337,NA,123.203125,P2,123.3211368
61404,2,14,wet,TB_0259,core,130.46875,P1,120.1063325
61405,2,14,wet,TB_0581,NA,132.1171875,P2,120.0507416
61407,2,14,wet,TB_0348,NA,133.6875,P2,133.4348784
61408,2,14,wet,TB_0357,NA,143.9296875,P2,128.6367666
61410,2,14,wet,TB_0169,core,124.484375,P1,106.470639
61412,2,14,wet,TB_0255,NA,117.3984375,P2,127.1867603
61413,2,14,wet,TB_0418,NA,115.75,P1,109.0007208
61414,2,14,wet,TB_0469,NA,128.5390625,P2,127.7536152
61415,2,14,wet,TB_0023,NA,136.46875,P2,136.3410195
61416,2,14,wet,TB_0530,NA,167.640625,P2,136.9897709
61417,2,14,wet,TB_0226,NA,118.578125,P2,130.4373825
61418,2,14,wet,B100,NA,104.6875,P1,101.5139179
61419,2,14,wet,TB_0366,core,134.375,P1,117.001594
61420,2,14,wet,B100,NA,141.9375,P2,127.1698418
61421,2,14,wet,TB_0039,NA,126.0625,P2,134.1934097
61422,2,14,wet,TB_0559,core,151.953125,P1,124.5204894
61423,2,14,wet,TB_0017,core,144.53125,P1,115.0526921
61424,2,14,wet,TB_0460,core,126.5625,P1,116.1474666
61425,2,14,wet,TB_0412,core,108.984375,P1,102.2535796
61426,2,14,wet,TB_0282,core,133.203125,P1,117.2452068
61427,2,14,wet,TB_0544,core,139.84375,P1,113.9298648
61428,2,14,wet,TB_0606,core,176.5625,P1,124.3774993
61429,2,14,wet,TB_0441,core,145.703125,P1,133.5204075
61431,2,14,wet,TB_0296,NA,95.75,P1,108.2767166
61433,2,14,wet,TB_0127,core,142.1875,P1,115.5584534
61434,2,14,wet,B100,NA,101.5625,P1,101.5139179
61435,2,14,wet,TB_0191,NA,129.0703125,P2,122.0711385
61436,2,14,wet,TB_0558,core,123.4375,P1,111.103253
61437,2,14,wet,TB_0339,core,108.59375,P1,111.176072
61438,2,14,wet,TB_0156,NA,120.78125,P2,122.2167766
61439,2,14,wet,TB_0068,NA,122.28125,P2,135.5914867
61440,2,14,wet,TB_0409,core,96.33,P1,105.0397319
61441,2,14,wet,TB_0579,core,93.265625,P1,100.1525955
61442,2,14,wet,TB_0467,NA,155.25,P2,134.3138921
61443,2,14,wet,TB_0610,core,83.75,P1,104.8633245
61444,2,14,wet,TB_0527,core,105.46875,P1,97.55891425
61445,2,14,wet,B100,NA,120.390625,P2,127.1698418
61446,2,14,wet,TB_0125,core,117.90625,P1,114.7137527
61447,2,14,wet,TB_0354,NA,136.375,P2,144.1776707
61448,2,14,wet,TB_0015,NA,103.296875,P2,121.80899
61449,2,14,wet,B100,NA,130.796875,P2,127.1698418
61450,2,14,wet,TB_0611,core,120.578125,P1,116.3594626
61451,2,14,wet,TB_0103,core,108.0546875,P1,107.9561471
61452,2,14,wet,TB_0411,core,106.1953125,P1,108.0487055
61453,2,14,wet,TB_0478,NA,137.6796875,P2,121.7798624
61454,2,14,wet,TB_0407,core,100.015625,P1,100.345897
61455,2,14,wet,TB_0266,NA,139.078125,P2,136.6653952
61456,2,14,wet,TB_0344,NA,113.421875,P2,121.5163899
61457,2,14,wet,TB_0130,core,113.7734375,P1,109.3781041
61458,2,14,wet,TB_0430,NA,101.453125,P2,113.902009
61459,2,14,wet,B100,NA,135.7109375,P2,127.1698418
61460,2,14,wet,TB_0594,core,88.3046875,P1,106.3686923
61501,2,15,wet,TB_0503,core,115.0703125,P1,109.1517031
61502,2,15,wet,B100,NA,129.8359375,P2,127.1698418
61503,2,15,wet,TB_0285,core,94.9375,P1,107.6926746
61504,2,15,wet,TB_0056,NA,127.46875,P2,133.1235837
61505,2,15,wet,TB_0540,core,120.21875,P1,111.7374405
61506,2,15,wet,TB_0034,core,92.1796875,P1,103.5644979
61507,2,15,wet,TB_0605,core,88.125,P1,104.1258664
61508,2,15,wet,TB_0551,core,110.8359375,P1,106.4852028
61509,2,15,wet,B100,NA,137.515625,P2,127.1698418
61510,2,15,wet,TB_0137,NA,134.8671875,P2,130.26643
61511,2,15,wet,TB_0254,core,103.8828125,P1,98.70450696
61512,2,15,wet,TB_0167,core,118,P1,103.402972
61513,2,15,wet,TB_0165,core,90.796875,P1,97.32324541
61514,2,15,wet,TB_0420,core,93.1015625,P1,105.6325063
61515,2,15,wet,TB_0358,core,90.6484375,P1,100.7364717
61516,2,15,wet,TB_0444,core,104.359375,P1,100.8384184
61517,2,15,wet,TB_0265,core,98.8828125,P1,102.5794551
61518,2,15,wet,B100,NA,100.484375,P1,101.5139179
61519,2,15,wet,TB_0343,NA,97.03125,P2,106.3850852
61520,2,15,wet,B100,NA,114.5859375,P2,127.1698418
61521,2,15,wet,TB_0447,core,102.34375,P1,110.1751414
61522,2,15,wet,TB_0488,core,107.984375,P1,103.2891096
61523,2,15,wet,TB_0352,core,87,P1,106.2588018
61524,2,15,wet,TB_0424,NA,125,P2,123.756568
61525,2,15,wet,TB_0211,NA,78,P1,92.51221847
61526,2,15,wet,TB_0436,NA,130.796875,P2,135.634013
61527,2,15,wet,TB_0046,NA,98.4609375,P2,116.2176216
61529,2,15,wet,TB_0316,core,116.5859375,P1,107.741662
61530,2,15,wet,TB_0260,core,132.2734375,P1,119.9858501
61531,2,15,wet,TB_0258,core,106.0546875,P1,96.03368667
61532,2,15,wet,TB_0598,core,163.28125,P1,114.2172593
61533,2,15,wet,TB_0161,core,84.375,P1,119.1967567
61534,2,15,wet,B100,NA,122.421875,P1,101.5139179
61535,2,15,wet,TB_0387,NA,129.8984375,P2,134.2171931
61536,2,15,wet,TB_0456,core,102.0546875,P1,114.5735694
61537,2,15,wet,TB_0384,core,92.8828125,P1,98.24076513
61539,2,15,wet,TB_0267,NA,102,P1,94.04390709
61540,2,15,wet,TB_0148,NA,131.484375,P2,116.775313
61541,2,15,wet,TB_0597,NA,155.0703125,P2,142.6921073
61542,2,15,wet,TB_0555,core,135.109375,P1,117.9257337
61543,2,15,wet,TB_0129,NA,141.038125,P2,135.6547905
61544,2,15,wet,TB_0310,core,120.59375,P1,116.7419346
61545,2,15,wet,B100,NA,126.078125,P2,127.1698418
61546,2,15,wet,TB_0493,NA,153.171875,P2,135.9146972
61547,2,15,wet,TB_0048,NA,156.234375,P2,148.9228231
61548,2,15,wet,TB_0547,core,87.09375,P1,95.38758331
61549,2,15,wet,B100,NA,116.671875,P2,127.1698418
61550,2,15,wet,TB_0335,core,154.296875,P1,115.7755865
61551,2,15,wet,TB_0531,NA,127.234375,P2,135.2897776
61552,2,15,wet,TB_0157,NA,113.203125,P2,123.5862509
61553,2,15,wet,TB_0446,NA,119.515625,P2,136.4840096
61554,2,15,wet,TB_0590,NA,136.1875,P2,137.8477114
61556,2,15,wet,TB_0341,NA,145.953125,P2,135.5519261
61557,2,15,wet,TB_0047,core,106.7109375,P1,108.4513165
61558,2,15,wet,TB_0475,core,115.9453125,P1,105.5517953
61559,2,15,wet,B100,NA,159.8515625,P2,127.1698418
61560,2,15,wet,TB_0095,core,111.5390625,P1,108.9147103
61601,2,16,wet,TB_0437,NA,137.0634375,P2,149.0328726
61602,2,16,wet,B100,NA,133.8125,P2,127.1698418
61603,2,16,wet,TB_0564,NA,175.7890625,P2,146.0040781
61604,2,16,wet,TB_0513,NA,128.328125,P2,124.3444161
61605,2,16,wet,TB_0550,core,89.8125,P1,111.6632975
61606,2,16,wet,TB_0029,core,105.9453125,P1,99.2138921
61607,2,16,wet,TB_0131,NA,166.2275,P2,140.1237405
61609,2,16,wet,B100,NA,136.015625,P2,127.1698418
61610,2,16,wet,TB_0336,core,103.734375,P1,95.2313534
61611,2,16,wet,TB_0309,core,146.3671875,P1,113.5870437
61612,2,16,wet,TB_0640,core,93.75,P1,103.3235331
61613,2,16,wet,TB_0274,core,79.25,P1,100.8066428
61614,2,16,wet,TB_0346,NA,104.3134375,P2,115.5341178
61615,2,16,wet,TB_0319,NA,139.4453125,P2,131.7295893
61616,2,16,wet,TB_0480,core,142.5703125,P2,130.883454
61617,2,16,wet,TB_0031,core,107.484375,P1,102.135921
61618,2,16,wet,B100,NA,99.703125,P1,101.5139179
61619,2,16,wet,TB_0641,NA,143.2578125,P2,136.7382142
61620,2,16,wet,B100,NA,160.7109375,P2,127.1698418
61621,2,16,wet,TB_0560,NA,125.4921875,P2,144.4067196
61622,2,16,wet,TB_0107,core,90.9296875,P1,99.59694388
61623,2,16,wet,TB_0471,core,92.8359375,P1,100.1433277
61624,2,16,wet,TB_0275,core,135.71875,P1,130.3367631
61625,2,16,wet,TB_0281,core,102.59375,P1,109.0471085
61626,2,16,wet,TB_0054,core,117.828125,P2,128.0872035
61627,2,16,wet,TB_0334,core,92.1796875,P1,116.633527
61628,2,16,wet,TB_0402,core,136.8046875,P2,127.0968647
61629,2,16,wet,TB_0363,core,99.71875,P1,113.0031676
61630,2,16,wet,TB_0486,NA,116.109375,P1,105.9780692
61631,2,16,wet,TB_0135,NA,145.1328125,P2,131.000075
61633,2,16,wet,TB_0382,core,83.6484375,P1,93.02162698
61634,2,16,wet,B100,NA,98.734375,P1,101.5139179
61635,2,16,wet,TB_0509,core,78.5,P1,96.46927684
61636,2,16,wet,TB_0006,NA,129.9375,P2,131.3706312
61637,2,16,wet,TB_0529,NA,125.1875,P2,133.8214813
61638,2,16,wet,TB_0347,core,96.6328125,P1,123.3024257
61639,2,16,wet,TB_0025,NA,174.6875,P2,146.7078008
61640,2,16,wet,TB_0414,NA,141.25,P2,143.1409925
61641,2,16,wet,TB_0492,core,109.5078125,P1,108.2169716
61642,2,16,wet,TB_0104,core,76,P1,98.58367654
61643,2,16,wet,TB_0201,NA,123.3359375,P2,122.0777584
61644,2,16,wet,TB_0534,core,141.796875,P1,123.2123949
61645,2,16,wet,B100,NA,124.296875,P2,127.1698418
61646,2,16,wet,TB_0569,core,113.015625,P1,119.617783
61647,2,16,wet,TB_0003,NA,134.6953125,P2,128.0368438
61648,2,16,wet,TB_0612,core,117.1259375,P1,107.061294
61649,2,16,wet,B100,NA,111.0625,P2,127.1698418
61650,2,16,wet,TB_0297,core,93.921875,P1,98.88024857
61651,2,16,wet,TB_0159,NA,126.5634375,P2,133.458869
61652,2,16,wet,TB_0126,NA,127.25,P2,128.1839094
61653,2,16,wet,TB_0381,core,88.390625,P1,100.344573
61654,2,16,wet,A10,NA,126.4375,P2,118.598333
61655,2,16,wet,TB_0487,core,120.7421875,P1,120.070585
61656,2,16,wet,TB_0261,NA,85.546875,P1,95.19877564
61657,2,16,wet,TB_0294,NA,143.78125,P2,145.5641617
61658,2,16,wet,TB_0353,core,131.1875,P1,114.8779265
61659,2,16,wet,B100,NA,118.484375,P2,127.1698418
61660,2,16,wet,TB_0386,core,102.46875,P1,107.294156